provision_id,subject,section,primary_dimension,kind,owning_unit,owners,delegation_note
A1,governance-rule,general-provisions,模型/推論,mixed,codex-retained,,"delegate business content, retain governance shell"
A10,authorization,closed-security,安全與稽核,governance,codex-retained,,retain in codex (governance/boundary)
A100,deterministic-version-classification,amendment-and-protection,工程實作要求,business,codex-retained,,"delegate to owning unit domain (successor, retain reference only)"
A101,module-execution-native-source-launch,amendment-and-protection,工程實作要求,mixed,codex-retained,,"delegate business content, retain governance shell"
A102,loaded-governed-backend-module-runtime-reexecution,system-responsibility,資料/SQL,mixed,UNIT_RUNTIME,,"delegate business content, retain governance shell"
A103,bounded-codex-proxy,amendment-and-protection,資料/SQL,mixed,codex-retained,,"delegate business content, retain governance shell"
A104,candidate-build-review-and-human-seal,amendment-and-protection,資料/SQL,mixed,codex-retained,,"delegate business content, retain governance shell"
A107,codex-storage-format,amendment-and-protection,模型/推論,mixed,codex-retained,,"delegate business content, retain governance shell"
A108,ghost-provision-prohibition,amendment-and-protection,安全與稽核,governance,codex-retained,,retain in codex (governance/boundary)
A109,version-increment-accuracy,amendment-and-protection,工程實作要求,business,codex-retained,,"delegate to owning unit domain (successor, retain reference only)"
A11,fail-closed,closed-security,安全與稽核,governance,codex-retained,permission,retain in codex (governance/boundary)
A111,explicit-sovereign-powers,amendment-and-protection,治理/權責,governance,codex-retained,explicit-sovereign,retain in codex (governance/boundary)
A112,cryptography-and-key-lifecycle,amendment-and-protection,資料/SQL,mixed,codex-retained,,"delegate business content, retain governance shell"
A113,data-retention,amendment-and-protection,資料/SQL,mixed,codex-retained,,"delegate business content, retain governance shell"
A114,backup-integrity,amendment-and-protection,安全與稽核,mixed,codex-retained,,"delegate business content, retain governance shell"
A115,time-and-clock,amendment-and-protection,時限/預算,governance,codex-retained,,retain in codex (governance/boundary)
A116,resource-quota,amendment-and-protection,模型/推論,mixed,codex-retained,automation;automation-sovereign,"delegate business content, retain governance shell"
A117,api-contract-versioning,amendment-and-protection,資料/SQL,business,codex-retained,,"delegate to owning unit domain (successor, retain reference only)"
A118,security-operations,amendment-and-protection,資料/SQL,mixed,codex-retained,,"delegate business content, retain governance shell"
A119,codex-conflict-procedure,amendment-and-protection,安全與稽核,mixed,codex-retained,eligible-sovereign,"delegate business content, retain governance shell"
A12,sovereign-decision,sovereignty,治理/權責,governance,codex-retained,decision;permission,retain in codex (governance/boundary)
A120,codex-language-style,amendment-and-protection,安全與稽核,governance,codex-retained,,retain in codex (governance/boundary)
A121,security-boundary-enforcement,closed-security,安全與稽核,mixed,codex-retained,,"delegate business content, retain governance shell"
A122,codex-interpretation-hierarchy,interpretation-and-conflict,安全與稽核,governance,codex-retained,eligible-sovereign,retain in codex (governance/boundary)
A123,system-learning-sovereign,sovereignty,安全與稽核,governance,codex-retained,learning-evidence-sync-sub-sovereign;system-learning-sovereign,retain in codex (governance/boundary)
A124,system-programming-sovereign,sovereignty,模型/推論,mixed,codex-retained,automation;programming-sovereign;sub-sovereign;system-programming-sovereign,"delegate business content, retain governance shell"
A125,maintenance-sovereign-focused-duty,sovereignty,安全與稽核,mixed,codex-retained,decision;decision-sovereign;health-maintenance-test-sub-sovereign;maintenance-sovereign;permission;permission-sovereign,"delegate business content, retain governance shell"
A126,system-sovereign-dual-division,sovereignty,工程實作要求,mixed,codex-retained,decision;direct-cross-sovereign;system-sovereign,"delegate business content, retain governance shell"
A127,sovereign-rank-and-view-alignment,amendment-and-protection,工程實作要求,mixed,codex-retained,automation;automation-sovereign;decision;decision-sovereign;legacy-single-system-sovereign;permission;permission-sovereign;runtime-sovereign,"delegate business content, retain governance shell"
A128,adaptive-sovereign-responsibility-map,sovereignty,資料/SQL,mixed,codex-retained,adaptive-sovereign;automation;cross-sovereign;decision,"delegate business content, retain governance shell"
A13,hot-update,sovereignty,安全與稽核,mixed,codex-retained,,"delegate business content, retain governance shell"
A130,adaptive-sub-sovereign-topology,sovereignty,資料/SQL,mixed,codex-retained,adaptive-sub-sovereign;may-operate-without-sub-sovereign;runtime-sovereign;startup-sub-sovereign;sub-sovereign;unnecessary-sub-sovereign,"delegate business content, retain governance shell"
A131,sub-sovereign-capability-ceiling,sovereignty,流程/程序,mixed,codex-retained,sub-sovereign,"delegate business content, retain governance shell"
A132,registered-sovereign-codex-view-allowlist,permission-identity-special-law,治理/權責,governance,codex-retained,registered-sovereign;sub-sovereign,retain in codex (governance/boundary)
A134,permission-sovereign-independent-special-status,sovereignty,治理/權責,governance,codex-retained,independent-special-authority-sovereign;other-sovereign;permission;permission-sovereign;system-permission-sovereign,retain in codex (governance/boundary)
A137,星澄-review-isolation,sovereignty,工程實作要求,business,codex-retained,,"delegate to owning unit domain (successor, retain reference only)"
A138,星澄-review-thinking,sovereignty,治理/權責,governance,codex-retained,decision,retain in codex (governance/boundary)
A139,星澄-review-power,sovereignty,安全與稽核,mixed,codex-retained,,"delegate business content, retain governance shell"
A14,immutability,amendment-and-protection,資料/SQL,mixed,codex-retained,,"delegate business content, retain governance shell"
A140,星澄-information-interface,sovereignty,資料/SQL,business,codex-retained,,"delegate to owning unit domain (successor, retain reference only)"
A141,星澄-review-model-modes,sovereignty,模型/推論,business,codex-retained,,"delegate to owning unit domain (successor, retain reference only)"
A144,codex-view-exclusive-audience,permission-identity-special-law,治理/權責,governance,codex-retained,registered-sovereign;sub-sovereign,retain in codex (governance/boundary)
A145,星澄-auxiliary-system-duty,sovereignty,安全與稽核,governance,codex-retained,,retain in codex (governance/boundary)
A146,converged-system-status,sovereignty,工程實作要求,mixed,codex-retained,,"delegate business content, retain governance shell"
A148,canonical-sovereign-folder-name,sovereignty,治理/權責,governance,codex-retained,canonical-sovereign;must-exactly-equal-effective-sovereign,retain in codex (governance/boundary)
A149,platform-management-owner,sovereignty,流程/程序,mixed,codex-retained,decision;decision-sovereign;legacy-system-sovereign;runtime-sovereign;startup-sub-sovereign,"delegate business content, retain governance shell"
A15,protection,amendment-and-protection,安全與稽核,mixed,codex-retained,,"delegate business content, retain governance shell"
A150,decision-boundary,sovereignty,治理/權責,governance,codex-retained,decision;permission;sub-sovereign,retain in codex (governance/boundary)
A151,tool-and-platform-service-ownership,sovereignty,治理/權責,governance,codex-retained,decision;decision-sovereign;runtime-sovereign,retain in codex (governance/boundary)
A152,frontend-backend-recovery-boundary,sovereignty,工程實作要求,mixed,codex-retained,decision;decision-sovereign;health-maintenance-test-sub-sovereign;learning-evidence-sync-sub-sovereign;release-update-sync-sub-sovereign;runtime-sovereign,"delegate business content, retain governance shell"
A154,repair-responsibility-chain,sovereignty,安全與稽核,mixed,codex-retained,decision;permission;system-runtime,"delegate business content, retain governance shell"
A155,explicit-sovereign-prohibitions,sovereignty,安全與稽核,governance,codex-retained,cross-sovereign;explicit-sovereign;permission,retain in codex (governance/boundary)
A156,星澄-grouped-authority,sovereignty,治理/權責,governance,codex-retained,,retain in codex (governance/boundary)
A157,unsigned-version-effect,星澄-chinese-codex-confidentiality-special-law,安全與稽核,governance,codex-retained,,retain in codex (governance/boundary)
A158,physical-folder-exceptions,sovereignty,時限/預算,mixed,codex-retained,,"delegate business content, retain governance shell"
A159,architecture-alignment-verification,sovereignty,安全與稽核,mixed,codex-retained,startup-sub-sovereign,"delegate business content, retain governance shell"
A160,sovereign-identity-namespace,星澄-chinese-codex-confidentiality-special-law,治理/權責,governance,codex-retained,mixed-sovereign,retain in codex (governance/boundary)
A161,entity-classification-authority,sovereignty,工程實作要求,mixed,codex-retained,as-system-sovereign;infer-sovereign;is-authoritative-for-sovereign,"delegate business content, retain governance shell"
A163,multi-worker-automatic-git-delivery,sovereignty,資料/SQL,mixed,codex-retained,,"delegate business content, retain governance shell"
A165,code-replication-prohibition,sovereignty,資料/SQL,mixed,codex-retained,forbidden-without-permission-sovereign;permission;release-update-sync-sub-sovereign,"delegate business content, retain governance shell"
A166,code-extraction-prohibition,sovereignty,工程實作要求,mixed,codex-retained,,"delegate business content, retain governance shell"
A17,amendment,interpretation-and-conflict,未分類,business,codex-retained,,"delegate to owning unit domain (successor, retain reference only)"
A170,automatic-system-health-preservation,sovereignty,資料/SQL,mixed,codex-retained,decision;decision-sovereign;health-maintenance-test-sub-sovereign;permission;runtime-dispatch-or-release-update-sync-sub-sovereign,"delegate business content, retain governance shell"
A173,single-codex-with-星澄-only-Chinese-exception,general-provisions,時限/預算,mixed,codex-retained,access-by-sovereign;permission;permission-sovereign;sub-sovereign,"delegate business content, retain governance shell"
A174,permission-managed-official-and-星澄-Chinese-view,amendment-and-protection,資料/SQL,mixed,codex-retained,permission;permission-sovereign,"delegate business content, retain governance shell"
A175,hot-update-hot-reload-release-certification,sovereignty,資料/SQL,mixed,codex-retained,decision;permission;permission-sovereign,"delegate business content, retain governance shell"
A176,frontend-backend-connection-fault-tolerance,sovereignty,時限/預算,mixed,codex-retained,decision;permission;system-runtime,"delegate business content, retain governance shell"
A177,universal-information-layer-connection-exclusivity,system-responsibility,時限/預算,mixed,UNIT_RUNTIME,decision;sovereign-sub-sovereign,"delegate business content, retain governance shell"
A178,system-runtime-stability,sovereignty,時限/預算,mixed,codex-retained,automation;automation-sovereign;decision;decision-sovereign;permission;permission-sovereign;repair-without-sovereign;restart-only-through-runtime-sovereign;system-runtime,"delegate business content, retain governance shell"
A181,certified-hot-update-persistence-and-reset-prevention,sovereignty,資料/SQL,mixed,codex-retained,decision;permission;permission-sovereign,"delegate business content, retain governance shell"
A182,version-authority-and-repair-reset-prohibition,sovereignty,模型/推論,mixed,codex-retained,decision;permission;permission-sovereign;release-update-sync-sub-sovereign,"delegate business content, retain governance shell"
A184,reciprocal-main-system-independent-tool-runtime-isolation,system-responsibility,時限/預算,mixed,UNIT_RUNTIME,,"delegate business content, retain governance shell"
A185,source-size-and-permission-managed-directory-control,system-responsibility,資料/SQL,mixed,UNIT_RUNTIME,decision;other-sovereign;permission;permission-sovereign,"delegate business content, retain governance shell"
A186,layered-information-system-and-tiered-view-access,system-responsibility,模型/推論,mixed,UNIT_RUNTIME,decision;permission;permission-sovereign,"delegate business content, retain governance shell"
A187,separated-sovereign-validation-chain,sovereignty,時限/預算,mixed,codex-retained,decision;decision-sovereign;permission;permission-sovereign;runtime-sovereign;separated-sovereign,"delegate business content, retain governance shell"
A188,sovereign-collaboration-and-information-layer-handoff,sovereignty,時限/預算,mixed,codex-retained,all-sovereign;automation;automation-sovereign;channel-contract-sync-sub-sovereign;decision;decision-sovereign;denial-is-not-overridable-by-other-sovereign;direct-sovereign;each-specialized-sovereign;hands-verified-readiness-to-runtime-sovereign;health-maintenance-test-sub-sovereign;learning-evidence-sync-sub-sovereign;permission;permission-sovereign;release-update-sync-sub-sovereign;runtime-sovereign;startup-sub-sovereign;sub-sovereign,"delegate business content, retain governance shell"
A189,星澄-exclusive-auxiliary-information-channel,system-responsibility,模型/推論,mixed,UNIT_RUNTIME,permission;system-sovereign,"delegate business content, retain governance shell"
A191,startup-dependency-classification-and-legacy-order-retirement,system-responsibility,時限/預算,mixed,UNIT_RUNTIME,decision;permission,"delegate business content, retain governance shell"
A192,optimized-startup-sovereign-responsibility,system-responsibility,時限/預算,mixed,UNIT_RUNTIME,and-sovereign;atomically-handoff-runtime-ownership-to-runtime-sovereign;decision;optimized-startup-sovereign;permission;permission-sovereign;startup-sub-sovereign,"delegate business content, retain governance shell"
A193,official-startup-entry-and-ui-launcher,system-responsibility,模型/推論,mixed,UNIT_RUNTIME,decision;permission;system-runtime,"delegate business content, retain governance shell"
A194,startup-readiness-handoff-and-lifecycle-finality,system-responsibility,流程/程序,mixed,UNIT_RUNTIME,permission;runtime-sovereign;startup-sub-sovereign;system-runtime,"delegate business content, retain governance shell"
A195,backend-state-to-frontend-projection-synchronization,system-responsibility,時限/預算,mixed,UNIT_RUNTIME,permission,"delegate business content, retain governance shell"
A196,stable-single-window-process-per-application-session,system-responsibility,時限/預算,mixed,UNIT_RUNTIME,decision;runtime-sovereign,"delegate business content, retain governance shell"
A197,third-party-sovereign-optimized-responsibility,sovereignty,模型/推論,mixed,codex-retained,automation;automation-sovereign;decision;dependency-sync-sub-sovereign;legacy-third-party-sub-sovereign;owned-by-data-governance-sub-sovereign;permission;release-update-sync-sub-sovereign;specialized-decision-sovereign;system-runtime;third-party-sovereign,"delegate business content, retain governance shell"
A198,local-code-and-third-party-dependency-boundary,system-responsibility,資料/SQL,mixed,UNIT_RUNTIME,decision;legacy-sub-sovereign,"delegate business content, retain governance shell"
A199,ten-second-complete-startup-deadline,system-responsibility,時限/預算,mixed,UNIT_RUNTIME,acknowledged-by-runtime-sovereign;permission;permission-sovereign;startup-sub-sovereign,"delegate business content, retain governance shell"
A2,function,general-provisions,資料/SQL,mixed,codex-retained,decision,"delegate business content, retain governance shell"
A20,星澄-power,sovereignty,治理/權責,governance,codex-retained,,retain in codex (governance/boundary)
A200,global-timestamp-propagation,system-responsibility,時限/預算,mixed,UNIT_RUNTIME,decision;permission,"delegate business content, retain governance shell"
A201,absolute-gptbridge-code-root-containment,system-responsibility,模型/推論,mixed,UNIT_RUNTIME,decision;permission;permission-sovereign;release-update-sync-sub-sovereign;runtime-sovereign,"delegate business content, retain governance shell"
A202,absolute-environment-dependency-root,system-responsibility,模型/推論,mixed,UNIT_RUNTIME,decision;dependency-sync-sub-sovereign;permission,"delegate business content, retain governance shell"
A203,python-cpp-responsibility-boundary,system-responsibility,時限/預算,mixed,UNIT_RUNTIME,decision;permission,"delegate business content, retain governance shell"
A204,single-versioned-c-abi,system-responsibility,資料/SQL,mixed,UNIT_RUNTIME,,"delegate business content, retain governance shell"
A205,fixed-typescript-python-api-boundary,system-responsibility,時限/預算,mixed,UNIT_RUNTIME,permission,"delegate business content, retain governance shell"
A206,csharp-windows-function-deduplication,system-responsibility,時限/預算,mixed,UNIT_RUNTIME,decision;permission,"delegate business content, retain governance shell"
A207,sql-query-pushdown,system-responsibility,時限/預算,mixed,UNIT_RUNTIME,decision,"delegate business content, retain governance shell"
A208,automatic-six-language-governance-check,system-responsibility,時限/預算,mixed,UNIT_RUNTIME,automation;permission;permission-sovereign,"delegate business content, retain governance shell"
A209,six-language-file-conventions,system-responsibility,資料/SQL,business,UNIT_RUNTIME,,"delegate to owning unit domain (successor, retain reference only)"
A210,six-language-test-boundary,system-responsibility,資料/SQL,business,UNIT_RUNTIME,,"delegate to owning unit domain (successor, retain reference only)"
A211,canonical-six-language-role-map,system-responsibility,時限/預算,mixed,UNIT_RUNTIME,,"delegate business content, retain governance shell"
A212,fixed-python-native-performance-mainline,system-responsibility,時限/預算,mixed,UNIT_RUNTIME,,"delegate business content, retain governance shell"
A213,converged-c-and-pybind11-native-boundaries,system-responsibility,安全與稽核,mixed,UNIT_RUNTIME,,"delegate business content, retain governance shell"
A214,cpp-performance-core-six-domain-decomposition,system-responsibility,模型/推論,mixed,UNIT_RUNTIME,,"delegate business content, retain governance shell"
A215,exclusive-six-language-source-extension-map,system-responsibility,資料/SQL,mixed,UNIT_RUNTIME,,"delegate business content, retain governance shell"
A216,sql-first-data-reduction-python-semantic-business-boundary,permission-identity-special-law,時限/預算,mixed,UNIT_PERMISSION,decision,"delegate business content, retain governance shell"
A217,python-native-csharp-windows-dotnet-boundary,system-responsibility,工程實作要求,mixed,UNIT_RUNTIME,decision,"delegate business content, retain governance shell"
A218,python-api-load-classification-and-native-dispatch,system-responsibility,時限/預算,mixed,UNIT_RUNTIME,,"delegate business content, retain governance shell"
A219,python-api-native-unavailability-fallback,system-responsibility,時限/預算,mixed,UNIT_RUNTIME,,"delegate business content, retain governance shell"
A22,permission-termination,permission,治理/權責,governance,codex-retained,permission;permission-sovereign,retain in codex (governance/boundary)
A220,c-interface-cpp-implementation-separation,system-responsibility,資料/SQL,mixed,UNIT_RUNTIME,,"delegate business content, retain governance shell"
A221,canonical-native-physical-tree,system-responsibility,時限/預算,mixed,UNIT_RUNTIME,,"delegate business content, retain governance shell"
A222,canonical-command-naming,directory-special-law,資料/SQL,mixed,UNIT_PERMISSION,,"delegate business content, retain governance shell"
A223,permission-sovereign-owned-canonical-fault-code-directory,directory-special-law,安全與稽核,mixed,UNIT_PERMISSION,permission;permission-sovereign,"delegate business content, retain governance shell"
A224,permission-sovereign-owned-canonical-command-code-directory,directory-special-law,時限/預算,mixed,UNIT_PERMISSION,permission;permission-sovereign,"delegate business content, retain governance shell"
A225,permission-sovereign-owned-canonical-maintenance-manual-directory,directory-special-law,模型/推論,mixed,UNIT_PERMISSION,permission;permission-sovereign,"delegate business content, retain governance shell"
A226,permission-sovereign-owned-canonical-test-flow-directory,directory-special-law,時限/預算,mixed,UNIT_PERMISSION,permission;permission-sovereign,"delegate business content, retain governance shell"
A227,permission-sovereign-owned-canonical-project-architecture-directory,directory-special-law,模型/推論,mixed,UNIT_PERMISSION,permission;permission-sovereign,"delegate business content, retain governance shell"
A228,directory-special-law-exclusive-ownership,directory-special-law,模型/推論,mixed,UNIT_PERMISSION,any-other-sovereign;data-governance-sub-sovereign;decision;directory-write-without-permission-sovereign;permission;permission-sovereign,"delegate business content, retain governance shell"
A229,codex-three-tier-consolidation-framework,amendment-and-protection,模型/推論,mixed,codex-retained,,"delegate business content, retain governance shell"
A23,permission-identifiers,permission,工程實作要求,mixed,UNIT_PERMISSION,permission;permission-sovereign,"delegate business content, retain governance shell"
A230,main-codex-outline-boundary,general-provisions,時限/預算,mixed,codex-retained,permission,"delegate business content, retain governance shell"
A231,directory-special-law-gap-closure-and-implementation-acceptance,directory-special-law,模型/推論,mixed,UNIT_PERMISSION,,"delegate business content, retain governance shell"
A232,complete-governed-directory-domain-set,directory-special-law,模型/推論,mixed,UNIT_PERMISSION,directory-owned-by-other-sovereign;permission;permission-sovereign,"delegate business content, retain governance shell"
A233,content-adaptive-unified-directory-and-requirement-format,directory-special-law,模型/推論,mixed,UNIT_PERMISSION,permission;permission-sovereign,"delegate business content, retain governance shell"
A234,星澄-exclusive-confidential-chinese-codex-exception,星澄-chinese-codex-confidentiality-special-law,時限/預算,mixed,UNIT_ASSISTANT,permission;permission-sovereign;sub-sovereign,"delegate business content, retain governance shell"
A235,permission-identity-special-law,permission-identity-special-law,資料/SQL,mixed,UNIT_PERMISSION,permission;permission-sovereign,"delegate business content, retain governance shell"
A236,information-communication-special-law,information-communication-special-law,資料/SQL,mixed,UNIT_PLATFORM,automation;automation-sovereign;channel-contract-sync-sub-sovereign;decision;permission;permission-sovereign,"delegate business content, retain governance shell"
A237,runtime-lifecycle-fault-isolation-special-law,runtime-lifecycle-fault-isolation-special-law,模型/推論,mixed,UNIT_RUNTIME,permission;permission-sovereign;runtime-sovereign,"delegate business content, retain governance shell"
A238,data-authority-storage-rag-special-law,data-authority-storage-rag-special-law,模型/推論,mixed,UNIT_DATA,data-governance-sub-sovereign;decision;decision-sovereign;permission;permission-sovereign,"delegate business content, retain governance shell"
A239,model-resource-gpu-special-law,model-resource-gpu-special-law,模型/推論,mixed,UNIT_ENGINE,automation;automation-sovereign;permission;permission-sovereign;resource-dependency-sync-sub-sovereign,"delegate business content, retain governance shell"
A240,language-source-native-boundary-special-law,language-source-native-boundary-special-law,模型/推論,mixed,UNIT_PLATFORM,permission;permission-sovereign,"delegate business content, retain governance shell"
A241,version-release-hot-update-rollback-special-law,version-release-hot-update-rollback-special-law,資料/SQL,mixed,UNIT_AUTOMATION,automation;automation-sovereign;permission;permission-sovereign;release-update-sync-sub-sovereign,"delegate business content, retain governance shell"
A242,third-party-network-supply-chain-special-law,third-party-network-supply-chain-special-law,模型/推論,mixed,UNIT_PERMISSION,automation;automation-sovereign;dependency-sync-sub-sovereign;permission;permission-sovereign,"delegate business content, retain governance shell"
A243,audit-evidence-timestamp-retention-special-law,audit-evidence-timestamp-retention-special-law,資料/SQL,mixed,UNIT_PERMISSION,decision;decision-sovereign;health-maintenance-test-sub-sovereign;permission;permission-sovereign,"delegate business content, retain governance shell"
A244,ui-window-projection-synchronization-special-law,ui-window-projection-synchronization-special-law,資料/SQL,mixed,BLOCK_TOOLS,permission;permission-sovereign;runtime-sovereign,"delegate business content, retain governance shell"
A245,git-worktree-special-law,git-worktree-special-law,資料/SQL,mixed,UNIT_AUTOMATION,automation;automation-sovereign;permission;permission-sovereign;release-update-sync-sub-sovereign,"delegate business content, retain governance shell"
A246,learning-system-special-law,learning-system-special-law,資料/SQL,mixed,UNIT_ENGINE,automation;automation-sovereign;decision;learning-evidence-sync-sub-sovereign;permission;permission-sovereign,"delegate business content, retain governance shell"
A247,automatic-maintenance-repair-special-law,automatic-maintenance-repair-special-law,模型/推論,mixed,UNIT_AUTOMATION,decision;decision-sovereign;health-maintenance-test-sub-sovereign;permission;permission-sovereign,"delegate business content, retain governance shell"
A248,privacy-personal-data-special-law,privacy-personal-data-special-law,模型/推論,mixed,UNIT_DATA,data-governance-sub-sovereign;decision;decision-sovereign;permission;permission-sovereign,"delegate business content, retain governance shell"
A249,cryptography-key-management-special-law,cryptography-key-management-special-law,資料/SQL,mixed,UNIT_PERMISSION,automation;automation-sovereign;permission;permission-sovereign;resource-dependency-sync-sub-sovereign,"delegate business content, retain governance shell"
A25,maintenance-health,sovereignty,資料/SQL,mixed,codex-retained,health-maintenance-test-sub-sovereign,"delegate business content, retain governance shell"
A250,disaster-recovery-continuity-special-law,disaster-recovery-continuity-special-law,模型/推論,mixed,UNIT_AUTOMATION,decision;decision-sovereign;health-maintenance-test-sub-sovereign;permission;permission-sovereign,"delegate business content, retain governance shell"
A251,test-validation-evaluation-special-law,test-validation-evaluation-special-law,時限/預算,mixed,UNIT_PERMISSION,automation;automation-sovereign;permission;permission-sovereign;release-update-sync-sub-sovereign,"delegate business content, retain governance shell"
A252,codex-consolidation-conflict-normalization-and-confidentiality-closure,amendment-and-protection,模型/推論,mixed,codex-retained,permission;permission-sovereign,"delegate business content, retain governance shell"
A253,special-law-lifecycle-activation-and-external-closure,amendment-and-protection,模型/推論,mixed,codex-retained,decision;domain-sovereign;permission;permission-sovereign,"delegate business content, retain governance shell"
A254,channel-continuity-and-disconnection-elimination-special-law,information-communication-special-law,時限/預算,mixed,UNIT_PLATFORM,automation;automation-sovereign;channel-contract-sync-sub-sovereign;permission;permission-sovereign;runtime-sovereign,"delegate business content, retain governance shell"
A255,ten-second-total-startup-control-special-law,third-party-network-supply-chain-special-law,時限/預算,mixed,UNIT_PERMISSION,decision;permission;runtime-sovereign;startup-sub-sovereign,"delegate business content, retain governance shell"
A256,live-backend-code-change-continuity-special-law,version-release-hot-update-rollback-special-law,模型/推論,mixed,UNIT_AUTOMATION,decision;decision-sovereign;permission;permission-sovereign;release-update-sync-sub-sovereign;runtime-sovereign,"delegate business content, retain governance shell"
A257,reconnect-with-zero-automatic-code-overwrite-special-law,information-communication-special-law,模型/推論,mixed,UNIT_PLATFORM,decision;decision-sovereign;permission;permission-sovereign;release-update-sync-sub-sovereign,"delegate business content, retain governance shell"
A258,automatic-repair-preservation-and-no-overwrite-special-law,information-communication-special-law,模型/推論,mixed,UNIT_PLATFORM,decision;decision-sovereign;health-maintenance-test-sub-sovereign;permission;permission-sovereign;release-update-sync-sub-sovereign,"delegate business content, retain governance shell"
A259,whole-codex-repair-and-continuity-integration,general-provisions,時限/預算,mixed,codex-retained,permission;permission-sovereign,"delegate business content, retain governance shell"
A260,星澄-read-only-view-of-permission-sovereign-directories-special-law,permission-identity-special-law,模型/推論,mixed,UNIT_PERMISSION,permission;permission-sovereign;read-only-view-of-permission-sovereign,"delegate business content, retain governance shell"
A261,automatic-repair-preservation-special-law,automatic-maintenance-repair-special-law,資料/SQL,mixed,UNIT_AUTOMATION,decision;permission,"delegate business content, retain governance shell"
A262,update-and-reload-special-law,version-release-hot-update-rollback-special-law,資料/SQL,mixed,UNIT_AUTOMATION,,"delegate business content, retain governance shell"
A263,channel-stability-and-reconnect-special-law,information-communication-special-law,時限/預算,mixed,UNIT_PLATFORM,,"delegate business content, retain governance shell"
A264,programming-language-boundary-special-law,language-source-native-boundary-special-law,資料/SQL,mixed,UNIT_PLATFORM,,"delegate business content, retain governance shell"
A265,startup-control-special-law,startup-control-special-law,時限/預算,mixed,UNIT_BOOTSTRAP,,"delegate business content, retain governance shell"
A266,independent-tool-lifecycle-isolation-special-law,independent-tool-lifecycle-isolation-special-law,時限/預算,mixed,BLOCK_TOOLS,permission,"delegate business content, retain governance shell"
A267,identity-group-special-law,identity-group-membership-and-authority-special-law,模型/推論,mixed,UNIT_PERMISSION,decision;permission;permission-sovereign;sub-sovereign,"delegate business content, retain governance shell"
A268,directory-codename-reference-and-environment-indirection-special-law,directory-special-law,時限/預算,mixed,UNIT_PERMISSION,decision;permission;permission-sovereign,"delegate business content, retain governance shell"
A269,global-fault-code-reference-and-no-hardcoded-error-special-law,directory-special-law,時限/預算,mixed,UNIT_PERMISSION,permission,"delegate business content, retain governance shell"
A270,directory-coverage-and-special-law-convergence,directory-special-law,模型/推論,mixed,UNIT_PERMISSION,,"delegate business content, retain governance shell"
A271,coverage-test-and-special-law-conflict-closure,test-validation-evaluation-special-law,時限/預算,mixed,UNIT_PERMISSION,permission;permission-sovereign,"delegate business content, retain governance shell"
A272,exact-code-trace-and-activation-evidence-closure,test-validation-evaluation-special-law,模型/推論,mixed,UNIT_PERMISSION,,"delegate business content, retain governance shell"
A273,complete-global-registry-traceability-and-routing,test-validation-evaluation-special-law,時限/預算,mixed,UNIT_PERMISSION,permission,"delegate business content, retain governance shell"
A274,complete-command-contract-and-sovereign-effectivity-closure,directory-special-law,時限/預算,mixed,UNIT_PERMISSION,active-sovereign;complete-command-contract-and-sovereign;permission,"delegate business content, retain governance shell"
A275,complete-seal-timestamp-trust-and-component-evidence,test-validation-evaluation-special-law,資料/SQL,mixed,UNIT_PERMISSION,,"delegate business content, retain governance shell"
A276,main-system-platform-core-physical-directory-classification,directory-special-law,資料/SQL,mixed,UNIT_PERMISSION,permission;permission-sovereign,"delegate business content, retain governance shell"
A277,model-dialogue-local-model-top-level-directory-classification,directory-special-law,模型/推論,mixed,UNIT_PERMISSION,,"delegate business content, retain governance shell"
A278,standalone-tools-top-level-directory-classification,directory-special-law,資料/SQL,mixed,UNIT_PERMISSION,permission;permission-sovereign,"delegate business content, retain governance shell"
A279,governance-codex-codex-directory-classification,directory-special-law,資料/SQL,mixed,UNIT_PERMISSION,permission;permission-sovereign,"delegate business content, retain governance shell"
A28,runtime,sovereignty,流程/程序,mixed,codex-retained,system-runtime;system-runtime-sub-sovereign,"delegate business content, retain governance shell"
A280,canonical-top-level-directory-integration-and-system-tool-convergence,directory-special-law,模型/推論,mixed,UNIT_PERMISSION,permission;permission-sovereign,"delegate business content, retain governance shell"
A281,git-top-level-directory-classification,directory-special-law,資料/SQL,mixed,UNIT_PERMISSION,,"delegate business content, retain governance shell"
A282,launcher-convergence-into-main-system,directory-special-law,模型/推論,mixed,UNIT_PERMISSION,decision;runtime-sovereign;startup-sub-sovereign;system-runtime,"delegate business content, retain governance shell"
A283,shared-layer-convergence-into-main-system,directory-special-law,資料/SQL,mixed,UNIT_PERMISSION,,"delegate business content, retain governance shell"
A284,gptbridge-canonical-layered-project-architecture,system-responsibility,模型/推論,mixed,UNIT_RUNTIME,automation;automation-sovereign;decision;decision-sovereign;module-sovereign;permission;permission-sovereign;runtime-sovereign;sub-sovereign,"delegate business content, retain governance shell"
A285,human-governor-manual-version-baseline-reset,general-provisions,安全與稽核,mixed,codex-retained,permission,"delegate business content, retain governance shell"
A286,version-epoch-identity-and-natural-evolution,general-provisions,安全與稽核,governance,codex-retained,,retain in codex (governance/boundary)
A287,decision-sovereign-and-sub-sovereign-boundary,system-responsibility,安全與稽核,mixed,UNIT_RUNTIME,automation;automation-sovereign;decision;decision-sovereign;decision-sovereign-and-sub-sovereign;generic-unregistered-system-sovereign;permission;runtime-sovereign;sub-sovereign,"delegate business content, retain governance shell"
A288,architecture-catalog-state-and-boundary-model,system-responsibility,模型/推論,mixed,UNIT_RUNTIME,,"delegate business content, retain governance shell"
A289,permission-owned-module-test-suite-architecture-directory,system-responsibility,模型/推論,mixed,UNIT_RUNTIME,decision;decision-sovereign;health-maintenance-test-sub-sovereign;permission;permission-sovereign,"delegate business content, retain governance shell"
A29,codex,interpretation-and-conflict,治理/權責,governance,codex-retained,,retain in codex (governance/boundary)
A290,top-level-directory-path-special-law,top-level-directory-path-special-law,模型/推論,mixed,UNIT_PERMISSION,permission;permission-sovereign,"delegate business content, retain governance shell"
A291,mandatory-declaration-and-implementation-force,general-provisions,時限/預算,mixed,codex-retained,,"delegate business content, retain governance shell"
A292,mandatory-implementation-obligation-special-law,mandatory-implementation-obligation-special-law,時限/預算,mixed,UNIT_DECISION,decision;health-maintenance-test-sub-sovereign;permission;permission-sovereign,"delegate business content, retain governance shell"
A293,anti-jailbreak-and-instruction-provenance-special-law,anti-jailbreak-special-law,模型/推論,mixed,codex-retained,permission,"delegate business content, retain governance shell"
A294,system-stability-fault-reduction-self-repair-speed-and-isolation-special-law,system-reliability-performance-repair-isolation-special-law,時限/預算,mixed,UNIT_RUNTIME,automation;automation-sovereign;decision;decision-sovereign;health-maintenance-test-sub-sovereign;permission;permission-sovereign;resource-dependency-sync-sub-sovereign;runtime-sovereign,"delegate business content, retain governance shell"
A295,星澄-audit-inspection-capability-strengthening,星澄-chinese-codex-confidentiality-special-law,時限/預算,mixed,UNIT_ASSISTANT,decision;health-maintenance-test-sub-sovereign;permission;permission-sovereign,"delegate business content, retain governance shell"
A296,noninterrupting-channel-anomaly-isolation,information-communication-special-law,時限/預算,mixed,UNIT_PLATFORM,,"delegate business content, retain governance shell"
A297,top-level-sovereign-decision-only-boundary,system-responsibility,時限/預算,mixed,UNIT_RUNTIME,automation;automation-sovereign;decision;decision-sovereign;permission;permission-sovereign;runtime-sovereign;sub-sovereign;top-level-sovereign,"delegate business content, retain governance shell"
A298,governance-authority-canonical-name-renamed-to-codex,general-provisions,安全與稽核,mixed,codex-retained,decision,"delegate business content, retain governance shell"
A299,system-decision-sovereign-renamed-to-decision-sovereign,system-responsibility,安全與稽核,mixed,UNIT_RUNTIME,active-use-of-system-decision-sovereign;decision;decision-sovereign;system-decision-sovereign;system-decision-sovereign-renamed-to-decision-sovereign,"delegate business content, retain governance shell"
A3,storage,general-provisions,模型/推論,mixed,codex-retained,,"delegate business content, retain governance shell"
A30,resource,sovereignty,模型/推論,mixed,codex-retained,permission;resource-dependency-sync-sub-sovereign,"delegate business content, retain governance shell"
A300,system-runtime-sovereign-renamed-to-runtime-sovereign,system-responsibility,安全與稽核,mixed,UNIT_RUNTIME,active-use-of-system-runtime-sovereign;decision;runtime-sovereign;system-runtime;system-runtime-sovereign;system-runtime-sovereign-renamed-to-runtime-sovereign;system-sub-sovereign,"delegate business content, retain governance shell"
A301,automation-sovereign,system-responsibility,模型/推論,mixed,UNIT_RUNTIME,automation;automation-sovereign;decision;permission;specialized-decision-sovereign;system-sub-sovereign,"delegate business content, retain governance shell"
A302,maintenance-sovereign-demoted-under-decision-sovereign,system-responsibility,資料/SQL,mixed,UNIT_RUNTIME,decision;decision-sovereign;maintenance-sovereign;maintenance-sovereign-demoted-under-decision-sovereign;maintenance-sub-sovereign,"delegate business content, retain governance shell"
A303,startup-sovereign-demoted-under-runtime-sovereign,system-responsibility,工程實作要求,mixed,UNIT_RUNTIME,decision;runtime-sovereign;startup-sovereign;startup-sovereign-demoted-under-runtime-sovereign;startup-sub-sovereign,"delegate business content, retain governance shell"
A304,data-sovereign-demoted-under-decision-sovereign,system-responsibility,模型/推論,mixed,UNIT_RUNTIME,data-sovereign;data-sovereign-demoted-under-decision-sovereign;data-sub-sovereign;decision;decision-sovereign,"delegate business content, retain governance shell"
A305,resource-sovereign-demoted-under-automation-sovereign,system-responsibility,工程實作要求,mixed,UNIT_RUNTIME,automation;automation-sovereign;decision;resource-sovereign;resource-sovereign-demoted-under-automation-sovereign;resource-sub-sovereign,"delegate business content, retain governance shell"
A306,integration-sovereign-demoted-under-automation-sovereign,system-responsibility,工程實作要求,mixed,UNIT_RUNTIME,automation;automation-sovereign;decision;integration-sovereign;integration-sovereign-demoted-under-automation-sovereign;integration-sub-sovereign,"delegate business content, retain governance shell"
A307,third-party-sovereign-demoted-under-automation-sovereign,system-responsibility,工程實作要求,mixed,UNIT_RUNTIME,automation;automation-sovereign;decision;third-party-sovereign;third-party-sovereign-demoted-under-automation-sovereign;third-party-sub-sovereign,"delegate business content, retain governance shell"
A308,language-review-sovereign-demoted-under-permission-sovereign,system-responsibility,工程實作要求,mixed,UNIT_RUNTIME,decision;language-review-sovereign;language-review-sovereign-demoted-under-permission-sovereign;language-review-sub-sovereign;permission;permission-sovereign,"delegate business content, retain governance shell"
A309,system-programming-sovereign-demoted-under-automation-sovereign,system-responsibility,工程實作要求,mixed,UNIT_RUNTIME,automation;automation-sovereign;decision;system-programming-sovereign;system-programming-sovereign-demoted-under-automation-sovereign;system-programming-sub-sovereign,"delegate business content, retain governance shell"
A31,data,sovereignty,資料/SQL,mixed,codex-retained,data-governance-sub-sovereign;permission,"delegate business content, retain governance shell"
A310,learning-system-sovereign-demoted-under-automation-sovereign,system-responsibility,工程實作要求,mixed,UNIT_RUNTIME,automation;automation-sovereign;decision;learning-system-sovereign;learning-system-sovereign-demoted-under-automation-sovereign;learning-system-sub-sovereign,"delegate business content, retain governance shell"
A311,星澄-renamed-星澄-chinese-and-elevated-independent-privileged-institution,星澄-chinese-codex-confidentiality-special-law,安全與稽核,mixed,UNIT_ASSISTANT,as-sovereign;decision;permission;sub-sovereign,"delegate business content, retain governance shell"
A312,permission-sovereign-authority-converged-to-permission-review-only,permission-identity-special-law,時限/預算,mixed,UNIT_PERMISSION,decision;decision-sovereign;directory-sub-sovereign;permission;permission-sovereign,"delegate business content, retain governance shell"
A313,permission-review-authority-transferred-to-星澄,permission-identity-special-law,安全與稽核,mixed,UNIT_PERMISSION,decision;decision-sovereign;permission;permission-sovereign,"delegate business content, retain governance shell"
A314,automatic-cleanup-backup-repair-update-converged-under-automation-sovereign,system-reliability-performance-repair-isolation-special-law,時限/預算,mixed,UNIT_RUNTIME,automatic-cleanup-backup-repair-update-converged-under-automation-sovereign;automation;automation-sovereign;decision;permission;sub-sovereign,"delegate business content, retain governance shell"
A315,complete-sub-sovereign-parent-reallocation,system-responsibility,資料/SQL,mixed,UNIT_RUNTIME,automation;automation-sovereign;change-acceptance-sub-sovereign;complete-sub-sovereign;data-governance-sub-sovereign;decision;decision-sovereign;directory-sub-sovereign;health-maintenance-test-sub-sovereign;identity-group-sub-sovereign;integration-sub-sovereign;language-review-sub-sovereign;learning-system-sub-sovereign;permission;permission-sovereign;policy-architecture-sub-sovereign;priority-capability-sub-sovereign;resource-sub-sovereign;runtime-sovereign;startup-sub-sovereign;sub-sovereign;system-programming-sub-sovereign;system-sub-sovereign;third-party-sub-sovereign,"delegate business content, retain governance shell"
A316,directory-sub-sovereign-under-permission-sovereign,system-responsibility,安全與稽核,mixed,UNIT_RUNTIME,decision;decision-sovereign;directory-sub-sovereign;directory-sub-sovereign-under-permission-sovereign;permission;permission-sovereign,"delegate business content, retain governance shell"
A317,identity-group-sub-sovereign-under-permission-sovereign,system-responsibility,安全與稽核,mixed,UNIT_RUNTIME,decision;decision-sovereign;identity-group-sub-sovereign;identity-group-sub-sovereign-under-permission-sovereign;permission;permission-sovereign,"delegate business content, retain governance shell"
A318,decision-runtime-automation-sovereign-exclusive-boundaries,system-responsibility,時限/預算,mixed,UNIT_RUNTIME,automation;automation-sovereign;cross-sovereign;decision;decision-runtime-automation-sovereign;decision-sovereign;permission;runtime-sovereign;sub-sovereign,"delegate business content, retain governance shell"
A319,permission-sovereign-and-星澄-independent-privileged-institution-boundary,permission-identity-special-law,安全與稽核,mixed,UNIT_PERMISSION,decision;decision-sovereign;permission;permission-sovereign;sub-sovereign,"delegate business content, retain governance shell"
A32,integration,sovereignty,工程實作要求,mixed,codex-retained,channel-contract-sync-sub-sovereign;cross-sovereign;decision,"delegate business content, retain governance shell"
A320,governance-authority-fully-renamed-to-codex,general-provisions,安全與稽核,mixed,codex-retained,decision,"delegate business content, retain governance shell"
A321,星澄-canonical-identity-full-renaming,星澄-chinese-codex-confidentiality-special-law,安全與稽核,mixed,UNIT_ASSISTANT,,"delegate business content, retain governance shell"
A322,automation-sovereign-integrated-duty-and-child-split,system-responsibility,模型/推論,mixed,UNIT_RUNTIME,automatic-log-sync-sub-sovereign;automation;automation-sovereign;channel-contract-sync-sub-sovereign;cleanup-retention-sync-sub-sovereign;decision;dependency-sync-sub-sovereign;integration-sub-sovereign;learning-evidence-sync-sub-sovereign;learning-system-sub-sovereign;release-update-sync-sub-sovereign;repair-backup-sync-sub-sovereign;resource-dependency-sync-sub-sovereign;resource-sub-sovereign;runtime-state-sync-sub-sovereign;sub-sovereign;system-programming-sub-sovereign;third-party-sub-sovereign,"delegate business content, retain governance shell"
A323,decision-sovereign-child-reallocation,system-responsibility,資料/SQL,mixed,UNIT_RUNTIME,change-acceptance-sub-sovereign;data-governance-sub-sovereign;data-sub-sovereign;decision;decision-sovereign;health-maintenance-test-sub-sovereign;maintenance-sub-sovereign;permission;permission-sovereign;permission-sub-sovereign;policy-architecture-sub-sovereign;priority-capability-sub-sovereign;sub-sovereign,"delegate business content, retain governance shell"
A324,sub-sovereign-three-duty-maximum,system-responsibility,安全與稽核,mixed,UNIT_RUNTIME,decision;sub-sovereign,"delegate business content, retain governance shell"
A325,capability-based-module-to-sub-sovereign-reallocation,system-responsibility,模型/推論,mixed,UNIT_RUNTIME,automatic-log-sync-sub-sovereign;automation;capability-based-module-to-sub-sovereign;change-acceptance-sub-sovereign;channel-contract-sync-sub-sovereign;cleanup-retention-sync-sub-sovereign;data-governance-sub-sovereign;decision;directory-sub-sovereign;health-maintenance-test-sub-sovereign;identity-group-sub-sovereign;learning-evidence-sync-sub-sovereign;permission;policy-architecture-sub-sovereign;primary-sub-sovereign;priority-capability-sub-sovereign;release-update-sync-sub-sovereign;repair-backup-sync-sub-sovereign;resource-dependency-sync-sub-sovereign;runtime-state-sync-sub-sovereign;startup-sub-sovereign;sub-sovereign;system-sub-sovereign,"delegate business content, retain governance shell"
A326,information-layer-permission-and-channel-operation-boundary,information-communication-special-law,資料/SQL,mixed,UNIT_PLATFORM,automation;automation-sovereign;channel-contract-sync-sub-sovereign;decision;decision-sovereign;permission;permission-sovereign;runtime-sovereign,"delegate business content, retain governance shell"
A327,canonical-human-name-and-machine-domain-alias-boundary,system-responsibility,資料/SQL,mixed,UNIT_RUNTIME,sub-sovereign,"delegate business content, retain governance shell"
A328,xingcheng-free-entry-and-exit-privilege,星澄-chinese-codex-confidentiality-special-law,安全與稽核,mixed,UNIT_ASSISTANT,decision;permission;sub-sovereign,"delegate business content, retain governance shell"
A329,backend-code-update-automation-sovereign-privilege,version-release-hot-update-rollback-special-law,時限/預算,mixed,UNIT_AUTOMATION,automation;automation-sovereign;backend-code-update-automation-sovereign;decision;decision-sovereign;permission;permission-sovereign,"delegate business content, retain governance shell"
A33,boundary-data-integrity,sovereignty,資料/SQL,mixed,codex-retained,data-governance-sub-sovereign;health-maintenance-test-sub-sovereign,"delegate business content, retain governance shell"
A330,automation-sovereign-global-update-execution-and-convergence,version-release-hot-update-rollback-special-law,時限/預算,mixed,UNIT_AUTOMATION,automation;automation-sovereign;decision;permission,"delegate business content, retain governance shell"
A331,whole-codex-integrity-and-gap-closure-special-law,version-release-hot-update-rollback-special-law,資料/SQL,mixed,UNIT_AUTOMATION,decision;sub-sovereign,"delegate business content, retain governance shell"
A332,legacy-authority-reference-resolution-special-law,version-release-hot-update-rollback-special-law,資料/SQL,mixed,UNIT_AUTOMATION,decision;sub-sovereign,"delegate business content, retain governance shell"
A333,physical-architecture-parent-and-path-convergence-special-law,version-release-hot-update-rollback-special-law,模型/推論,mixed,UNIT_AUTOMATION,,"delegate business content, retain governance shell"
A334,machine-readable-sovereign-hierarchy-module-assignment-and-signature-special-law,version-release-hot-update-rollback-special-law,安全與稽核,mixed,UNIT_AUTOMATION,decision;machine-readable-sovereign;permission;sub-sovereign,"delegate business content, retain governance shell"
A335,codex-directory-closure-certification-and-non-indexing-special-law,version-release-hot-update-rollback-special-law,模型/推論,mixed,UNIT_AUTOMATION,decision;permission;permission-sovereign;sub-sovereign,"delegate business content, retain governance shell"
A336,xingcheng-native-programming-language-review-and-system-automation-executor-special-law,sovereignty,模型/推論,mixed,codex-retained,automation;automation-sovereign;decision;language-review-sub-sovereign;permission;permission-sovereign;sub-sovereign;system-programming-sub-sovereign,"delegate business content, retain governance shell"
A337,xingcheng-whole-system-parallel-automatic-operation-special-law,sovereignty,時限/預算,mixed,codex-retained,automation;automation-sovereign;decision;language-review-sub-sovereign;permission;permission-sovereign;sub-sovereign;system-programming-sub-sovereign,"delegate business content, retain governance shell"
A338,exact-language-statistics-and-powershell-governed-script-exception-special-law,language-source-native-boundary-special-law,時限/預算,mixed,UNIT_PLATFORM,automation;decision;permission,"delegate business content, retain governance shell"
A339,canonical-pybind11-c-api-c-thunk-cpp-path-and-logical-domain-map,language-source-native-boundary-special-law,模型/推論,mixed,UNIT_PLATFORM,,"delegate business content, retain governance shell"
A340,cross-language-boundary-release-hard-gate,language-source-native-boundary-special-law,模型/推論,mixed,UNIT_PLATFORM,automation;automation-sovereign;permission;permission-sovereign,"delegate business content, retain governance shell"
A341,exclusive-language-capability-owner-and-caller-matrix,language-source-native-boundary-special-law,時限/預算,mixed,UNIT_PLATFORM,decision,"delegate business content, retain governance shell"
A342,canonical-python-application-domain-infrastructure-architecture,language-source-native-boundary-special-law,資料/SQL,mixed,UNIT_PLATFORM,,"delegate business content, retain governance shell"
A343,correctness-first-python-first-native-promotion-record-special-law,language-source-native-boundary-special-law,資料/SQL,mixed,UNIT_PLATFORM,decision,"delegate business content, retain governance shell"
A344,single-c-abi-contract-and-pybind11-purpose-separation-special-law,language-source-native-boundary-special-law,資料/SQL,mixed,UNIT_PLATFORM,,"delegate business content, retain governance shell"
A345,minimal-c-abi-function-budget-and-deferred-capability-table-special-law,language-source-native-boundary-special-law,時限/預算,mixed,UNIT_PLATFORM,,"delegate business content, retain governance shell"
A346,cpp-six-domain-namespace-and-include-dependency-special-law,language-source-native-boundary-special-law,時限/預算,mixed,UNIT_PLATFORM,,"delegate business content, retain governance shell"
A347,language-role-directory-query-budget-and-source-origin-special-law,language-source-native-boundary-special-law,時限/預算,mixed,UNIT_PLATFORM,,"delegate business content, retain governance shell"
A348,language-boundary-gate-and-data-only-policy-evidence-only-checker-special-law,language-source-native-boundary-special-law,資料/SQL,mixed,UNIT_PLATFORM,decision;permission,"delegate business content, retain governance shell"
A349,powershell-governance-conflict-and-legacy-infrastructure-evidence-special-law,language-source-native-boundary-special-law,資料/SQL,mixed,UNIT_PLATFORM,decision,"delegate business content, retain governance shell"
A35,architecture-hybrid,system-responsibility,資料/SQL,mixed,UNIT_RUNTIME,,"delegate business content, retain governance shell"
A350,canonical-typescript-python-sql-native-csharp-topology-special-law,language-source-native-boundary-special-law,時限/預算,mixed,UNIT_PLATFORM,permission,"delegate business content, retain governance shell"
A351,cross-language-allowed-use-and-direct-prohibition-matrix,language-source-native-boundary-special-law,模型/推論,mixed,UNIT_PLATFORM,decision;permission,"delegate business content, retain governance shell"
A352,explicit-language-and-native-dependency-fail-matrix,language-source-native-boundary-special-law,資料/SQL,mixed,UNIT_PLATFORM,,"delegate business content, retain governance shell"
A353,semantic-dependency-evidence-and-a205-information-layer-verification,language-source-native-boundary-special-law,資料/SQL,mixed,UNIT_PLATFORM,,"delegate business content, retain governance shell"
A354,typescript-governance-checker-structure-and-dependency-dag-evidence-special-law,language-source-native-boundary-special-law,資料/SQL,mixed,UNIT_PLATFORM,decision,"delegate business content, retain governance shell"
A355,contract-parity-gate,language-source-native-boundary-special-law,時限/預算,mixed,UNIT_PLATFORM,,"delegate business content, retain governance shell"
A356,unique-capability-registry-and-ownership-role-model,language-source-native-boundary-special-law,模型/推論,mixed,UNIT_PLATFORM,,"delegate business content, retain governance shell"
A357,native-promotion-gate,language-source-native-boundary-special-law,時限/預算,mixed,UNIT_PLATFORM,,"delegate business content, retain governance shell"
A358,native-promotion-budget-benchmark-evidence-and-lifecycle,language-source-native-boundary-special-law,時限/預算,mixed,UNIT_PLATFORM,,"delegate business content, retain governance shell"
A359,build-abi-toolchain-artifact-reproducibility-gate,language-source-native-boundary-special-law,資料/SQL,mixed,UNIT_PLATFORM,,"delegate business content, retain governance shell"
A360,release-compatibility-evidence-aggregation-and-upgrade-gate,language-source-native-boundary-special-law,資料/SQL,mixed,UNIT_PLATFORM,,"delegate business content, retain governance shell"
A361,language-governance-final-decision-and-evidence-freshness-gate,language-source-native-boundary-special-law,資料/SQL,mixed,UNIT_PLATFORM,decision,"delegate business content, retain governance shell"
A362,unified-language-source-index-graph-ir-and-incremental-planner,language-source-native-boundary-special-law,模型/推論,mixed,UNIT_PLATFORM,,"delegate business content, retain governance shell"
A363,governance-full-scan-baseline-incremental-golden-parity-and-cache-correctness,language-source-native-boundary-special-law,模型/推論,mixed,UNIT_PLATFORM,decision,"delegate business content, retain governance shell"
A364,language-governance-schema-v1-stability-freeze-and-regression-corpus,language-source-native-boundary-special-law,模型/推論,mixed,UNIT_PLATFORM,decision,"delegate business content, retain governance shell"
A365,cross-store-reconciliation-global-resource-id-transport-audit-and-recovery-priority,information-communication-special-law,時限/預算,mixed,UNIT_PLATFORM,,"delegate business content, retain governance shell"
A366,xingcheng-auxiliary-repair-update-user-switch-confirmation-and-fault-cardinality,permission-identity-special-law,模型/推論,mixed,UNIT_PERMISSION,decision,"delegate business content, retain governance shell"
A367,mandatory-cross-store-data-governance-stage-order,information-communication-special-law,時限/預算,mixed,UNIT_PLATFORM,permission,"delegate business content, retain governance shell"
A368,database-runtime-pool-query-schema-health-and-cross-engine-integrity,information-communication-special-law,時限/預算,mixed,UNIT_PLATFORM,,"delegate business content, retain governance shell"
A369,unified-observable-verifiable-recoverable-local-data-platform,information-communication-special-law,時限/預算,mixed,UNIT_PLATFORM,,"delegate business content, retain governance shell"
A370,three-engine-self-observation-diagnosis-and-controlled-optimization,information-communication-special-law,時限/預算,mixed,UNIT_PLATFORM,,"delegate business content, retain governance shell"
A371,qdrant-default-rag-execution-reembedding-reconciliation-and-four-rag-behaviors,information-communication-special-law,時限/預算,mixed,UNIT_PLATFORM,,"delegate business content, retain governance shell"
A372,mandatory-local-rag-six-stage-implementation-order,information-communication-special-law,模型/推論,mixed,UNIT_PLATFORM,,"delegate business content, retain governance shell"
A373,canonical-rag-takeover-reconciliation-queue-double-write-and-evaluation,information-communication-special-law,時限/預算,mixed,UNIT_PLATFORM,permission,"delegate business content, retain governance shell"
A374,rag-index-state-reconciliation-collection-topology-and-reranker-fallback,information-communication-special-law,模型/推論,mixed,UNIT_PLATFORM,,"delegate business content, retain governance shell"
A375,governed-multi-ai-git-coordination-and-delivery-infrastructure,runtime-lifecycle-fault-isolation-special-law,模型/推論,mixed,UNIT_RUNTIME,,"delegate business content, retain governance shell"
A376,codex-non-sovereign-xingcheng-model-dialogue-and-information-layer-boundaries,permission,模型/推論,mixed,UNIT_PERMISSION,active-sovereign;codex-non-sovereign;decision;non-sovereign,"delegate business content, retain governance shell"
A377,whole-codex-integration-precedence-lifecycle-and-coherence-closure,general-provisions,模型/推論,mixed,codex-retained,automation;automation-sovereign;decision;decision-sovereign;non-sovereign;permission;permission-sovereign;runtime-sovereign,"delegate business content, retain governance shell"
A378,xingcheng-consolidated-special-law,version-release-hot-update-rollback-special-law,時限/預算,mixed,UNIT_AUTOMATION,automation;decision;permission;permission-sovereign;sub-sovereign,"delegate business content, retain governance shell"
A379,codex-directory-closure-certification-and-non-indexing-clean-successor,model-resource-gpu-special-law,時限/預算,mixed,UNIT_ENGINE,decision;permission;permission-sovereign;sub-sovereign,"delegate business content, retain governance shell"
A38,codex-language,interpretation-and-conflict,工程實作要求,mixed,codex-retained,,"delegate business content, retain governance shell"
A380,xingcheng-auxiliary-manual-repair-update-release-switches,version-release-hot-update-rollback-special-law,模型/推論,mixed,UNIT_AUTOMATION,decision,"delegate business content, retain governance shell"
A381,codex-roster-lifecycle-and-scoped-successor-closure,general-provisions,模型/推論,mixed,codex-retained,automation;automation-sovereign;decision;decision-sovereign;effective-sovereign;own-domain-sovereign;permission;permission-sovereign;runtime-sovereign;system-runtime;system-runtime-sovereign,"delegate business content, retain governance shell"
A382,non-disruptive-codex-amendment-ordinance-flow,language-source-native-boundary-special-law,資料/SQL,mixed,UNIT_PLATFORM,,"delegate business content, retain governance shell"
A383,codex-readonly-state-review-isolation,language-source-native-boundary-special-law,資料/SQL,mixed,UNIT_PLATFORM,,"delegate business content, retain governance shell"
A384,test-management-roster-and-historical-correction-closure,general-provisions,資料/SQL,mixed,codex-retained,automatic-log-sync-sub-sovereign;automation;automation-sovereign;change-acceptance-sub-sovereign;channel-contract-sync-sub-sovereign;cleanup-retention-sync-sub-sovereign;data-governance-sub-sovereign;decision;decision-sovereign;dependency-sync-sub-sovereign;directory-sub-sovereign;health-maintenance-test-sub-sovereign;identity-group-sub-sovereign;learning-evidence-sync-sub-sovereign;permission;permission-sovereign;policy-architecture-sub-sovereign;priority-capability-sub-sovereign;release-update-sync-sub-sovereign;repair-backup-sync-sub-sovereign;resource-dependency-sync-sub-sovereign;runtime-state-sync-sub-sovereign;startup-sub-sovereign;sub-sovereign;system-runtime;system-runtime-sovereign;system-sub-sovereign,"delegate business content, retain governance shell"
A385,dynamic-test-management-roster-and-closure-status-successor,general-provisions,資料/SQL,mixed,codex-retained,automation;automation-sovereign;decision;decision-sovereign;health-maintenance-test-sub-sovereign;permission;permission-sovereign;sub-sovereign;system-runtime;system-runtime-sovereign,"delegate business content, retain governance shell"
A386,dynamic-governance-code-resolution-and-hardcoding-elimination,general-provisions,時限/預算,mixed,codex-retained,permission,"delegate business content, retain governance shell"
A387,codex-canonical-reference-code-only-policy,general-provisions,模型/推論,mixed,codex-retained,permission;permission-sovereign,"delegate business content, retain governance shell"
A388,governed-environment-variable-binding-fallback,general-provisions,時限/預算,mixed,codex-retained,permission;permission-sovereign,"delegate business content, retain governance shell"
A389,timestamp-only-hardcoding-invariant,general-provisions,時限/預算,mixed,codex-retained,,"delegate business content, retain governance shell"
A39,actors,separation-and-accountability,工程實作要求,mixed,codex-retained,,"delegate business content, retain governance shell"
A390,permission-sovereign-formal-audit-validation-authority,permission,安全與稽核,mixed,UNIT_PERMISSION,permission;permission-sovereign,"delegate business content, retain governance shell"
A391,canonical-timestamp-envelope-fields,general-provisions,時限/預算,mixed,codex-retained,permission;permission-sovereign,"delegate business content, retain governance shell"
A392,xingcheng-codex-implementation-compliance-classification,version-release-hot-update-rollback-special-law,資料/SQL,mixed,UNIT_AUTOMATION,permission,"delegate business content, retain governance shell"
A393,precise-coded-fault-and-compliance-detail-display,version-release-hot-update-rollback-special-law,資料/SQL,mixed,UNIT_AUTOMATION,,"delegate business content, retain governance shell"
A394,code-reference-and-hardcoding-separation-successor,general-provisions,資料/SQL,mixed,codex-retained,,"delegate business content, retain governance shell"
A395,canonical-version-number-contract,general-provisions,模型/推論,mixed,codex-retained,,"delegate business content, retain governance shell"
A396,automatic-repair-and-update-command-code-registration,automatic-maintenance-repair-special-law,模型/推論,mixed,UNIT_AUTOMATION,decision,"delegate business content, retain governance shell"
A397,canonical-timestamp-envelope-successor,general-provisions,模型/推論,mixed,codex-retained,permission;permission-sovereign,"delegate business content, retain governance shell"
A398,automatic-repair-update-command-contract-successor,automatic-maintenance-repair-special-law,安全與稽核,mixed,UNIT_AUTOMATION,automation;automation-sovereign;decision;permission;permission-sovereign,"delegate business content, retain governance shell"
A399,timestamp-version-cross-codex-separation-interpretation,general-provisions,工程實作要求,mixed,codex-retained,,"delegate business content, retain governance shell"
A40,bootstrap,permission,治理/權責,governance,codex-retained,,retain in codex (governance/boundary)
A400,whole-system-modular-architecture,general-provisions,工程實作要求,mixed,codex-retained,automation,"delegate business content, retain governance shell"
A401,module-code-and-identity-group-itemization,general-provisions,模型/推論,mixed,codex-retained,permission,"delegate business content, retain governance shell"
A402,modular-field-scoped-refresh-no-whole-ui-refresh,general-provisions,工程實作要求,mixed,codex-retained,,"delegate business content, retain governance shell"
A403,module-fault-isolation-and-main-system-liveness,general-provisions,時限/預算,mixed,codex-retained,,"delegate business content, retain governance shell"
A404,modular-automation-and-automation-isolation,general-provisions,工程實作要求,business,codex-retained,automation;permission,"delegate to owning unit domain (successor, retain reference only)"
A405,independent-tool-single-instance-entity,general-provisions,時限/預算,mixed,codex-retained,,"delegate business content, retain governance shell"
A406,timestamp-derived-version-identity-successor,general-provisions,時限/預算,mixed,codex-retained,,"delegate business content, retain governance shell"
A407,timestamp-version-separation-interpretation-successor,general-provisions,安全與稽核,mixed,codex-retained,,"delegate business content, retain governance shell"
A408,automatic-command-contract-timestamp-version-successor,automatic-maintenance-repair-special-law,資料/SQL,mixed,UNIT_AUTOMATION,automation;automation-sovereign;decision;permission;permission-sovereign,"delegate business content, retain governance shell"
A409,dynamic-reference-policy-timestamp-version-successor,general-provisions,模型/推論,mixed,codex-retained,,"delegate business content, retain governance shell"
A41,governor-and-seal,amendment-and-protection,安全與稽核,governance,codex-retained,,retain in codex (governance/boundary)
A410,canonical-evidence-timestamp-envelope-successor,general-provisions,資料/SQL,mixed,codex-retained,permission;permission-sovereign,"delegate business content, retain governance shell"
A411,timestamp-version-issuance-and-collision-successor,general-provisions,時限/預算,mixed,codex-retained,,"delegate business content, retain governance shell"
A412,timestamp-version-change-classification-successor,general-provisions,資料/SQL,mixed,codex-retained,permission;permission-sovereign,"delegate business content, retain governance shell"
A413,timestamp-version-ledger-and-recovery-integrity,general-provisions,資料/SQL,mixed,codex-retained,,"delegate business content, retain governance shell"
A414,user-authorized-history-deletion-successor,general-provisions,資料/SQL,mixed,codex-retained,,"delegate business content, retain governance shell"
A415,active-successor-reference-and-legacy-binding-closure,general-provisions,工程實作要求,mixed,codex-retained,,"delegate business content, retain governance shell"
A416,typed-complete-successor-resolution-successor,general-provisions,模型/推論,mixed,codex-retained,,"delegate business content, retain governance shell"
A417,codex-internal-modular-architecture,general-provisions,模型/推論,mixed,codex-retained,non-sovereign;permission;permission-sovereign,"delegate business content, retain governance shell"
A418,codex-indexed-search-performance-special-law,general-provisions,模型/推論,mixed,codex-retained,,"delegate business content, retain governance shell"
A419,codex-internal-module-manifest-and-seal,general-provisions,模型/推論,mixed,codex-retained,,"delegate business content, retain governance shell"
A42,directory-write,permission,資料/SQL,mixed,UNIT_PERMISSION,data-governance-sub-sovereign;decision;direct-mutation-by-permission-sovereign;permission;permission-sovereign,"delegate business content, retain governance shell"
A420,codex-search-index-freshness-and-query-plan-gate,general-provisions,模型/推論,mixed,codex-retained,,"delegate business content, retain governance shell"
A421,codex-module-lifecycle-count-and-orphan-identity-closure,general-provisions,工程實作要求,mixed,codex-retained,,"delegate business content, retain governance shell"
A422,codex-module-and-search-manifest-complete-binding,general-provisions,模型/推論,mixed,codex-retained,,"delegate business content, retain governance shell"
A423,codex-search-physical-index-and-dependency-dag-evidence,general-provisions,資料/SQL,mixed,codex-retained,,"delegate business content, retain governance shell"
A424,codex-internal-module-directory-uniform-format-successor,directory-special-law,模型/推論,mixed,UNIT_PERMISSION,permission;permission-sovereign,"delegate business content, retain governance shell"
A425,whole-system-recursive-modular-architecture,general-provisions,時限/預算,mixed,codex-retained,automation;permission,"delegate business content, retain governance shell"
A426,universal-module-source-line-limit,system-responsibility,資料/SQL,mixed,UNIT_RUNTIME,sub-sovereign,"delegate business content, retain governance shell"
A427,mandatory-module-self-decomposition,system-responsibility,工程實作要求,mixed,UNIT_RUNTIME,,"delegate business content, retain governance shell"
A428,bounded-self-decomposition-orchestration-and-evidence-closure,system-responsibility,時限/預算,mixed,UNIT_RUNTIME,automation;decision;permission;permission-sovereign,"delegate business content, retain governance shell"
A429,module-self-decomposition-command-state-and-exception-closure,system-responsibility,時限/預算,mixed,UNIT_RUNTIME,automation;permission;permission-sovereign,"delegate business content, retain governance shell"
A430,source-line-evidence-and-self-decomposition-directory-special-law,system-responsibility,時限/預算,mixed,UNIT_RUNTIME,permission;permission-sovereign,"delegate business content, retain governance shell"
A431,module-line-count-registry-special-law,system-responsibility,模型/推論,mixed,UNIT_RUNTIME,permission;permission-sovereign,"delegate business content, retain governance shell"
A432,module-line-count-roster-normalized-counting-and-aggregation,system-responsibility,模型/推論,mixed,UNIT_RUNTIME,,"delegate business content, retain governance shell"
A433,authored-source-inventory-and-line-roster-completeness,system-responsibility,資料/SQL,mixed,UNIT_RUNTIME,permission;permission-sovereign,"delegate business content, retain governance shell"
A434,module-line-roster-ownership-cohesion-and-fragmentation-gate,system-responsibility,模型/推論,mixed,UNIT_RUNTIME,,"delegate business content, retain governance shell"
A435,codex-read-access-tier-and-import-time-self-declaration-convergence,system-responsibility,模型/推論,mixed,UNIT_RUNTIME,decision;permission,"delegate business content, retain governance shell"
A436,permission-decision-and-directory-authority-execution-boundary,system-responsibility,資料/SQL,mixed,UNIT_RUNTIME,decision;permission;permission-sovereign,"delegate business content, retain governance shell"
A437,internal-call-and-governed-boundary-classification,system-responsibility,資料/SQL,mixed,UNIT_RUNTIME,permission,"delegate business content, retain governance shell"
A438,canonical-sovereign-sub-sovereign-executor-responsibility-model,system-responsibility,模型/推論,mixed,UNIT_RUNTIME,canonical-sovereign-sub-sovereign;decision;sub-sovereign,"delegate business content, retain governance shell"
A439,canonical-identity-conversion-contract,system-responsibility,工程實作要求,mixed,UNIT_RUNTIME,permission,"delegate business content, retain governance shell"
A44,four-functions-local,system-responsibility,模型/推論,mixed,UNIT_RUNTIME,,"delegate business content, retain governance shell"
A440,one-module-one-test-suite-schema,system-responsibility,時限/預算,mixed,UNIT_RUNTIME,sub-sovereign,"delegate business content, retain governance shell"
A441,health-governance-outline,system-responsibility,模型/推論,mixed,UNIT_RUNTIME,decision,"delegate business content, retain governance shell"
A442,health-contract-machine-verifiable-schema,system-responsibility,時限/預算,mixed,UNIT_RUNTIME,,"delegate business content, retain governance shell"
A443,health-observation-classification-contract,system-responsibility,模型/推論,mixed,UNIT_RUNTIME,,"delegate business content, retain governance shell"
A444,health-recovery-orchestration-contract,system-responsibility,時限/預算,mixed,UNIT_RUNTIME,decision,"delegate business content, retain governance shell"
A445,formal-rule-contract-and-precedence-convergence,system-responsibility,資料/SQL,mixed,UNIT_RUNTIME,decision;permission,"delegate business content, retain governance shell"
A446,execution-pipeline-contract-decomposition,system-responsibility,時限/預算,mixed,UNIT_RUNTIME,decision,"delegate business content, retain governance shell"
A447,connection-boundary-and-low-cost-legal-paths,system-responsibility,時限/預算,mixed,UNIT_RUNTIME,permission,"delegate business content, retain governance shell"
A448,receipt-token-and-audit-event-machine-schemas,system-responsibility,資料/SQL,mixed,UNIT_RUNTIME,,"delegate business content, retain governance shell"
A449,technical-pass-versus-external-verification-status,system-responsibility,安全與稽核,mixed,UNIT_RUNTIME,,"delegate business content, retain governance shell"
A45,interface-layer,system-responsibility,資料/SQL,mixed,UNIT_RUNTIME,,"delegate business content, retain governance shell"
A450,formal-rule-schema-registry-and-migration-gate,system-responsibility,時限/預算,mixed,UNIT_RUNTIME,decision;permission,"delegate business content, retain governance shell"
A451,execution-receipt-tier-profile,system-responsibility,模型/推論,mixed,UNIT_RUNTIME,decision,"delegate business content, retain governance shell"
A452,codex-official-read-session-and-attested-reader-schema,system-responsibility,資料/SQL,mixed,UNIT_RUNTIME,permission;permission-sovereign,"delegate business content, retain governance shell"
A453,attested-execution-identity-derivation,system-responsibility,安全與稽核,mixed,UNIT_RUNTIME,,"delegate business content, retain governance shell"
A454,permission-decision-transport-and-append-only-ledger,system-responsibility,時限/預算,mixed,UNIT_RUNTIME,decision;permission,"delegate business content, retain governance shell"
A455,independent-verification-verdict-record,system-responsibility,安全與稽核,governance,codex-retained,decision,retain in codex (governance/boundary)
A456,user-authorized-revision-history-resumption-genesis,system-responsibility,模型/推論,mixed,UNIT_RUNTIME,,"delegate business content, retain governance shell"
A457,single-chinese-codex-mirror-three-part-storage,system-responsibility,模型/推論,mixed,UNIT_RUNTIME,,"delegate business content, retain governance shell"
A458,bidirectional-multiplexed-channel-special-law,system-responsibility,時限/預算,mixed,UNIT_RUNTIME,automation;automation-sovereign;decision;permission;permission-sovereign,"delegate business content, retain governance shell"
A459,sovereign-multicore-parallel-collaboration-special-law,system-responsibility,時限/預算,mixed,UNIT_RUNTIME,automation;automation-sovereign;decision;decision-sovereign;permission;runtime-sovereign;sub-sovereign,"delegate business content, retain governance shell"
A46,audit-ledger,separation-and-accountability,資料/SQL,mixed,codex-retained,data-governance-sub-sovereign,"delegate business content, retain governance shell"
A460,independent-tool-complete-modularization-special-law,system-responsibility,資料/SQL,mixed,UNIT_RUNTIME,sub-sovereign,"delegate business content, retain governance shell"
A461,sovereign-subsovereign-direct-information-layer-route,system-responsibility,時限/預算,mixed,UNIT_RUNTIME,automation;automation-sovereign;decision;permission;permission-sovereign;sovereign-sub-sovereign;sub-sovereign,"delegate business content, retain governance shell"
A462,provision-normativity-classification-contract,system-responsibility,模型/推論,mixed,UNIT_RUNTIME,decision,"delegate business content, retain governance shell"
A463,formal-rule-semantic-and-evaluator-parity-contract,system-responsibility,時限/預算,mixed,UNIT_RUNTIME,permission,"delegate business content, retain governance shell"
A464,seal-candidate-certification-and-release-status-contract,system-responsibility,安全與稽核,mixed,UNIT_RUNTIME,,"delegate business content, retain governance shell"
A465,active-identity-metadata-and-dynamic-location-contract,system-responsibility,安全與稽核,mixed,UNIT_RUNTIME,permission;permission-sovereign,"delegate business content, retain governance shell"
A466,codex-derived-registry-index-and-identity-classification-closure,system-responsibility,資料/SQL,mixed,UNIT_RUNTIME,decision;non-sovereign;permission;permission-sovereign,"delegate business content, retain governance shell"
A467,investment-mobile-standalone-root-correction,system-responsibility,時限/預算,mixed,UNIT_RUNTIME,,"delegate business content, retain governance shell"
A468,directory-governance-data-closure-and-three-stage-acceptance-gate,system-responsibility,資料/SQL,mixed,UNIT_RUNTIME,decision;permission,"delegate business content, retain governance shell"
A469,codex-external-non-indexing-and-internal-derived-search-clean-successor,system-responsibility,模型/推論,mixed,UNIT_RUNTIME,,"delegate business content, retain governance shell"
A47,violation-closure,separation-and-accountability,安全與稽核,governance,codex-retained,,retain in codex (governance/boundary)
A470,directory-coverage-requirement-complete-alignment,system-responsibility,模型/推論,mixed,UNIT_RUNTIME,,"delegate business content, retain governance shell"
A471,revision-history-current-and-pre-genesis-state-normalization,system-responsibility,模型/推論,business,UNIT_RUNTIME,,"delegate to owning unit domain (successor, retain reference only)"
A472,language-governance-freeze-acceptance-event,system-responsibility,資料/SQL,mixed,UNIT_RUNTIME,,"delegate business content, retain governance shell"
A473,epoch-two-canonical-identity-and-seal-authority,system-responsibility,安全與稽核,governance,codex-retained,,retain in codex (governance/boundary)
A474,lifecycle-lineage-reference-and-multi-predecessor-contract,system-responsibility,安全與稽核,mixed,UNIT_RUNTIME,,"delegate business content, retain governance shell"
A475,A233-special-law-normalization-complete-closure,system-responsibility,資料/SQL,mixed,UNIT_RUNTIME,,"delegate business content, retain governance shell"
A476,current-seal-component-and-trust-anchor-continuity,system-responsibility,模型/推論,mixed,UNIT_RUNTIME,,"delegate business content, retain governance shell"
A477,registered-bounded-codex-proxy-clean-successor,system-responsibility,模型/推論,mixed,UNIT_RUNTIME,decision;permission;sub-sovereign,"delegate business content, retain governance shell"
A478,codex-normative-authority-terminology-clean-successor,system-responsibility,安全與稽核,governance,codex-retained,decision,retain in codex (governance/boundary)
A479,provision-classification-and-formal-parity-clean-successor,system-responsibility,資料/SQL,mixed,UNIT_RUNTIME,,"delegate business content, retain governance shell"
A48,amendment-execution,amendment-and-protection,未分類,business,codex-retained,,"delegate to owning unit domain (successor, retain reference only)"
A480,machine-schema-complete-typed-registry-contract,system-responsibility,資料/SQL,mixed,UNIT_RUNTIME,decision,"delegate business content, retain governance shell"
A481,executable-module-test-suite-cardinality-clean-successor,system-responsibility,時限/預算,mixed,UNIT_RUNTIME,sub-sovereign,"delegate business content, retain governance shell"
A482,normalized-test-flow-command-fault-manual-trace-contract,system-responsibility,模型/推論,business,UNIT_RUNTIME,,"delegate to owning unit domain (successor, retain reference only)"
A483,canonical-command-permission-action-contract,system-responsibility,資料/SQL,business,UNIT_RUNTIME,permission,"delegate to owning unit domain (successor, retain reference only)"
A484,desktop-exe-sole-main-system-user-startup-entry,system-responsibility,時限/預算,mixed,UNIT_RUNTIME,permission;startup-sub-sovereign,"delegate business content, retain governance shell"
A485,learning-sub-sovereign-transfer-to-xingcheng,system-responsibility,模型/推論,mixed,UNIT_RUNTIME,automation;automation-sovereign;decision;learning-evidence-sync-sub-sovereign;learning-sub-sovereign;privileged-institution-managed-sub-sovereign;to-learning-sub-sovereign,"delegate business content, retain governance shell"
A486,automation-sovereign-canonical-rename,system-responsibility,資料/SQL,mixed,UNIT_RUNTIME,automation;automation-sovereign;decision;learning-sub-sovereign;permission;synchronization-sovereign,"delegate business content, retain governance shell"
A487,timestamp-version-model-exclusive-successor,system-responsibility,模型/推論,mixed,UNIT_RUNTIME,,"delegate business content, retain governance shell"
A488,timestamp-codex-amendment-flow-successor,system-responsibility,安全與稽核,mixed,UNIT_RUNTIME,,"delegate business content, retain governance shell"
A489,current-governance-closure-graph-contract,system-responsibility,安全與稽核,mixed,UNIT_RUNTIME,,"delegate business content, retain governance shell"
A49,formal-tools,system-responsibility,模型/推論,mixed,UNIT_RUNTIME,,"delegate business content, retain governance shell"
A490,governance-closure-priority-and-evidence-plan,system-responsibility,資料/SQL,mixed,UNIT_RUNTIME,,"delegate business content, retain governance shell"
A491,implementation-obligation-mandated-state-clean-successor,system-responsibility,時限/預算,mixed,UNIT_RUNTIME,,"delegate business content, retain governance shell"
A492,three-batch-governance-closure-and-dynamic-parity,system-responsibility,安全與稽核,mixed,UNIT_RUNTIME,,"delegate business content, retain governance shell"
A493,A407-A410-reference-normalization-successor,general-provisions,安全與稽核,mixed,codex-retained,,"delegate business content, retain governance shell"
A494,system-runtime-canonical-id-and-display-name-successor,system-responsibility,安全與稽核,mixed,UNIT_RUNTIME,decision;runtime-sovereign;sub-sovereign;system-runtime;system-runtime-sovereign,"delegate business content, retain governance shell"
A495,current-manifest-hash-succession-and-directory-derivation-contract,system-responsibility,模型/推論,mixed,UNIT_RUNTIME,,"delegate business content, retain governance shell"
A496,current-topology-and-startup-consolidation-successor,system-responsibility,流程/程序,mixed,UNIT_RUNTIME,automation;runtime-sovereign;startup-sub-sovereign;sub-sovereign;system-runtime;system-runtime-sovereign,"delegate business content, retain governance shell"
A497,current-binding-search-directory-access-and-certification-contract,system-responsibility,資料/SQL,mixed,UNIT_RUNTIME,parent-sovereign;sub-sovereign,"delegate business content, retain governance shell"
A498,machine-schema-formal-evidence-and-descriptor-convergence,system-responsibility,時限/預算,mixed,UNIT_RUNTIME,,"delegate business content, retain governance shell"
A499,cross-store-data-authority-provenance-resilience-and-readiness-contract,system-responsibility,資料/SQL,mixed,UNIT_RUNTIME,decision;permission,"delegate business content, retain governance shell"
A5,delegation,separation-and-accountability,流程/程序,mixed,codex-retained,,"delegate business content, retain governance shell"
A50,programming-language-review,sovereignty,模型/推論,mixed,codex-retained,sub-sovereign,"delegate business content, retain governance shell"
A500,canonical-cryptographic-and-comparison-terminology-contract,system-responsibility,資料/SQL,mixed,UNIT_RUNTIME,,"delegate business content, retain governance shell"
A501,postgresql-sql-authority-migration-security-fallback-audit-and-readiness-contract,system-responsibility,資料/SQL,mixed,UNIT_RUNTIME,permission,"delegate business content, retain governance shell"
A502,sql-migration-authority-and-priority-data-schema-directory-contract,system-responsibility,資料/SQL,mixed,UNIT_RUNTIME,,"delegate business content, retain governance shell"
A503,sql-authority-boundary,system-responsibility,資料/SQL,mixed,UNIT_RUNTIME,,"delegate business content, retain governance shell"
A504,postgresql-object-level-schema-authority,system-responsibility,資料/SQL,mixed,UNIT_RUNTIME,,"delegate business content, retain governance shell"
A505,sql-migration-chain,system-responsibility,資料/SQL,mixed,UNIT_RUNTIME,,"delegate business content, retain governance shell"
A506,database-security-projection,system-responsibility,資料/SQL,mixed,UNIT_RUNTIME,decision;permission,"delegate business content, retain governance shell"
A507,postgresql-schema-drift-gate,system-responsibility,資料/SQL,mixed,UNIT_RUNTIME,,"delegate business content, retain governance shell"
A508,sqlite-private-state-boundary,system-responsibility,資料/SQL,mixed,UNIT_RUNTIME,,"delegate business content, retain governance shell"
A509,sqlite-reconciliation-contract,system-responsibility,時限/預算,mixed,UNIT_RUNTIME,,"delegate business content, retain governance shell"
A510,sql-audit-transport-integrity,system-responsibility,資料/SQL,mixed,UNIT_RUNTIME,,"delegate business content, retain governance shell"
A511,sql-recovery-authority,system-responsibility,資料/SQL,mixed,UNIT_RUNTIME,,"delegate business content, retain governance shell"
A512,sql-capability-health-and-degradation,system-responsibility,模型/推論,mixed,UNIT_RUNTIME,permission,"delegate business content, retain governance shell"
A513,sql-governance-verification-suite,system-responsibility,資料/SQL,mixed,UNIT_RUNTIME,,"delegate business content, retain governance shell"
A514,sql-governance-closure-rule,system-responsibility,資料/SQL,mixed,UNIT_RUNTIME,permission,"delegate business content, retain governance shell"
A515,exact-sql-directory-migration-and-closure-machine-contract,system-responsibility,資料/SQL,mixed,UNIT_RUNTIME,,"delegate business content, retain governance shell"
A516,sql-object-canonicalization-security-reconciliation-audit-and-closure-semantics,system-responsibility,模型/推論,mixed,UNIT_RUNTIME,permission,"delegate business content, retain governance shell"
A517,sql-live-inventory-migration-reconstruction-security-role-sqlite-and-closure-coverage,system-responsibility,模型/推論,mixed,UNIT_RUNTIME,permission,"delegate business content, retain governance shell"
A518,information-layer-shared-transport-and-central-audit-sql-closure,system-responsibility,時限/預算,mixed,UNIT_RUNTIME,permission,"delegate business content, retain governance shell"
A519,sql-transaction-concurrency-pool-migration-execution-and-outbox-inbox-closure,system-responsibility,資料/SQL,mixed,UNIT_RUNTIME,permission,"delegate business content, retain governance shell"
A52,rag-architecture,system-responsibility,模型/推論,mixed,UNIT_RUNTIME,,"delegate business content, retain governance shell"
A520,complete-sql-governance-successor-and-five-domain-release-closure,system-responsibility,資料/SQL,mixed,UNIT_RUNTIME,permission,"delegate business content, retain governance shell"
A521,全專案架構圖,system-responsibility,資料/SQL,mixed,UNIT_RUNTIME,,"delegate business content, retain governance shell"
A522,Git 架構圖,system-responsibility,安全與稽核,governance,codex-retained,,retain in codex (governance/boundary)
A523,SQL 架構圖,system-responsibility,資料/SQL,mixed,UNIT_RUNTIME,,"delegate business content, retain governance shell"
A524,RAG 架構圖,system-responsibility,模型/推論,mixed,UNIT_RUNTIME,,"delegate business content, retain governance shell"
A525,程式語言架構圖,system-responsibility,工程實作要求,mixed,UNIT_RUNTIME,,"delegate business content, retain governance shell"
A526,七個獨立工具架構圖,system-responsibility,模型/推論,mixed,UNIT_RUNTIME,,"delegate business content, retain governance shell"
A527,中文法典五分卷鏡像法,system-responsibility,治理/權責,governance,codex-retained,,retain in codex (governance/boundary)
A528,架構圖與法典同步法,system-responsibility,治理/權責,governance,codex-retained,,retain in codex (governance/boundary)
A529,歷史工具拓撲更正,system-responsibility,治理/權責,governance,codex-retained,,retain in codex (governance/boundary)
A53,git-operation-tiers,system-responsibility,安全與稽核,mixed,UNIT_RUNTIME,,"delegate business content, retain governance shell"
A530,歷史星澄工具分類更正,system-responsibility,治理/權責,governance,codex-retained,,retain in codex (governance/boundary)
A531,七工具名冊法,system-responsibility,模型/推論,business,UNIT_RUNTIME,,"delegate to owning unit domain (successor, retain reference only)"
A532,現行拓撲衝突閉合法,system-responsibility,治理/權責,governance,codex-retained,,retain in codex (governance/boundary)
A533,七工具與機構拓撲完整整改 successor,system-responsibility,模型/推論,mixed,UNIT_RUNTIME,,"delegate business content, retain governance shell"
A534,七工具與機構拓撲完整 successor,system-responsibility,模型/推論,mixed,UNIT_RUNTIME,,"delegate business content, retain governance shell"
A535,身分與會話驗證基線,system-responsibility,安全與稽核,mixed,UNIT_RUNTIME,permission,"delegate business content, retain governance shell"
A536,隱私與個資最小化 successor,privacy-personal-data-special-law,模型/推論,mixed,UNIT_DATA,,"delegate business content, retain governance shell"
A537,退役清理、架構同步與執行時限條例,privacy-personal-data-special-law,時限/預算,mixed,UNIT_DATA,,"delegate business content, retain governance shell"
A538,自動法典更新強制同步條例,privacy-personal-data-special-law,資料/SQL,mixed,UNIT_DATA,,"delegate business content, retain governance shell"
A539,法典文字完整性與轉碼防護條例,privacy-personal-data-special-law,資料/SQL,mixed,UNIT_DATA,,"delegate business content, retain governance shell"
A540,獨立工具五秒生命週期與本地模型選擇啟動條例,privacy-personal-data-special-law,時限/預算,mixed,UNIT_DATA,,"delegate business content, retain governance shell"
A541,模型對話星澄優先自動路由條例,privacy-personal-data-special-law,模型/推論,mixed,UNIT_DATA,permission,"delegate business content, retain governance shell"
A542,外部協作雙欄使用者介面條例,privacy-personal-data-special-law,工程實作要求,mixed,UNIT_DATA,,"delegate business content, retain governance shell"
A543,外部協作介面收斂條例,privacy-personal-data-special-law,安全與稽核,mixed,UNIT_DATA,,"delegate business content, retain governance shell"
A544,外部協作整合控制與自動記錄條例,privacy-personal-data-special-law,工程實作要求,mixed,UNIT_DATA,,"delegate business content, retain governance shell"
A545,外部協作需求卡片退役條例,privacy-personal-data-special-law,工程實作要求,mixed,UNIT_DATA,,"delegate business content, retain governance shell"
A546,星澄內部自我升級條例,privacy-personal-data-special-law,資料/SQL,mixed,UNIT_DATA,,"delegate business content, retain governance shell"
A547,故障手冊移交星澄學習模組條例,privacy-personal-data-special-law,安全與稽核,mixed,UNIT_DATA,fault-directory-transfer-from-permission-sovereign;learning-evidence-sync-sub-sovereign;permission;permission-sovereign,"delegate business content, retain governance shell"
A548,星澄內部故障告知與自主維修條例,privacy-personal-data-special-law,時限/預算,governance,codex-retained,,retain in codex (governance/boundary)
A549,全專案 DAG／CAG／RAG 混合架構條例,privacy-personal-data-special-law,時限/預算,mixed,UNIT_DATA,permission,"delegate business content, retain governance shell"
A55,file-extension-conventions,system-responsibility,資料/SQL,mixed,UNIT_RUNTIME,,"delegate business content, retain governance shell"
A550,星澄模組行數豁免條例,system-responsibility,時限/預算,mixed,UNIT_RUNTIME,,"delegate business content, retain governance shell"
A551,language-positioning-and-responsibility,星澄模型與主系統整合條例,時限/預算,mixed,UNIT_ENGINE,decision;permission,"delegate business content, retain governance shell"
A552,gpu-acceleration-separate-track,星澄模型與主系統整合條例,模型/推論,mixed,UNIT_ENGINE,,"delegate business content, retain governance shell"
A553,xingcheng-model-architecture-moe,星澄模型與主系統整合條例,模型/推論,mixed,UNIT_ENGINE,,"delegate business content, retain governance shell"
A554,xingcheng-autonomous-training-and-upgrade,星澄模型與主系統整合條例,模型/推論,business,UNIT_ENGINE,,"delegate to owning unit domain (successor, retain reference only)"
A555,git-sql-rag-cag-dag-integration-division,星澄模型與主系統整合條例,時限/預算,mixed,UNIT_ENGINE,,"delegate business content, retain governance shell"
A556,xingcheng-unified-model-maturity,星澄模型與主系統整合條例,模型/推論,mixed,UNIT_ENGINE,,"delegate business content, retain governance shell"
A557,xingcheng-model-training-tiers,星澄模型與主系統整合條例,模型/推論,business,UNIT_ENGINE,,"delegate to owning unit domain (successor, retain reference only)"
A558,xingcheng-pretraining-data-pipeline,星澄模型與主系統整合條例,模型/推論,mixed,UNIT_ENGINE,permission,"delegate business content, retain governance shell"
A559,single-shared-blueprint,星澄模型與主系統整合條例,模型/推論,mixed,UNIT_ENGINE,,"delegate business content, retain governance shell"
A56,test-framework-tiering,system-responsibility,工程實作要求,mixed,UNIT_RUNTIME,,"delegate business content, retain governance shell"
A560,xingcheng-ntp-correctness-tests,星澄模型與主系統整合條例,模型/推論,mixed,UNIT_ENGINE,,"delegate business content, retain governance shell"
A561,xingcheng-small-model-training-baseline,星澄模型與主系統整合條例,時限/預算,mixed,UNIT_ENGINE,,"delegate business content, retain governance shell"
A562,xingcheng-primary-goal-command-and-chat,星澄模型與主系統整合條例,模型/推論,business,UNIT_ENGINE,,"delegate to owning unit domain (successor, retain reference only)"
A563,xingcheng-medium-base-scaling-strategy,星澄模型與主系統整合條例,模型/推論,mixed,UNIT_ENGINE,,"delegate business content, retain governance shell"
A564,xingcheng-moe-training-quality-control,星澄模型與主系統整合條例,模型/推論,mixed,UNIT_ENGINE,,"delegate business content, retain governance shell"
A565,xingcheng-native-dialogue-training,星澄模型與主系統整合條例,模型/推論,business,UNIT_ENGINE,,"delegate to owning unit domain (successor, retain reference only)"
A566,xingcheng-python-cpp-inference-consistency,星澄模型與主系統整合條例,模型/推論,mixed,UNIT_ENGINE,,"delegate business content, retain governance shell"
A567,xingcheng-kv-cache-correctness-and-performance,星澄模型與主系統整合條例,時限/預算,mixed,UNIT_ENGINE,,"delegate business content, retain governance shell"
A568,xingcheng-native-capability-evaluation,星澄模型與主系統整合條例,模型/推論,mixed,UNIT_ENGINE,,"delegate business content, retain governance shell"
A569,xingcheng-weight-evolution,星澄模型與主系統整合條例,模型/推論,mixed,UNIT_ENGINE,,"delegate business content, retain governance shell"
A57,self-health-test-necessity,sovereignty,模型/推論,mixed,codex-retained,health-maintenance-test-sub-sovereign,"delegate business content, retain governance shell"
A570,gptbridge-system-convergence,星澄模型與主系統整合條例,模型/推論,mixed,UNIT_ENGINE,decision,"delegate business content, retain governance shell"
A571,gptbridge-connection-recovery-and-event-sequence,星澄模型與主系統整合條例,模型/推論,mixed,UNIT_ENGINE,,"delegate business content, retain governance shell"
A572,gptbridge-maintenance-update-integration,星澄模型與主系統整合條例,安全與稽核,mixed,UNIT_ENGINE,,"delegate business content, retain governance shell"
A573,gptbridge-unified-task-lifecycle,星澄模型與主系統整合條例,時限/預算,mixed,UNIT_ENGINE,,"delegate business content, retain governance shell"
A574,gptbridge-runtime-execution-lease,星澄模型與主系統整合條例,資料/SQL,mixed,UNIT_ENGINE,,"delegate business content, retain governance shell"
A575,gptbridge-release-manifest,星澄模型與主系統整合條例,資料/SQL,mixed,UNIT_ENGINE,permission,"delegate business content, retain governance shell"
A576,gptbridge-dev-runtime-separation,星澄模型與主系統整合條例,模型/推論,business,UNIT_ENGINE,,"delegate to owning unit domain (successor, retain reference only)"
A577,gptbridge-backend-lifecycle-contract,星澄模型與主系統整合條例,時限/預算,mixed,UNIT_ENGINE,,"delegate business content, retain governance shell"
A578,gptbridge-integration-sequence,星澄模型與主系統整合條例,模型/推論,mixed,UNIT_ENGINE,,"delegate business content, retain governance shell"
A579,gptbridge-request-registry,星澄模型與主系統整合條例,時限/預算,mixed,UNIT_ENGINE,,"delegate business content, retain governance shell"
A58,embedded-browser-governed-access,system-responsibility,工程實作要求,mixed,UNIT_RUNTIME,,"delegate business content, retain governance shell"
A580,gptbridge-request-lifecycle-and-streaming-attribution,星澄模型與主系統整合條例,時限/預算,mixed,UNIT_ENGINE,permission,"delegate business content, retain governance shell"
A581,gptbridge-connection-state-reconnect-backpressure,星澄模型與主系統整合條例,時限/預算,mixed,UNIT_ENGINE,,"delegate business content, retain governance shell"
A582,gptbridge-integrated-objectives,星澄模型與主系統整合條例,模型/推論,mixed,UNIT_ENGINE,automation;permission,"delegate business content, retain governance shell"
A583,gptbridge-implementation-precedence,星澄模型與主系統整合條例,模型/推論,business,UNIT_ENGINE,,"delegate to owning unit domain (successor, retain reference only)"
A584,xingcheng-multi-configuration-gpt,星澄模型與主系統整合條例,模型/推論,mixed,UNIT_ENGINE,,"delegate business content, retain governance shell"
A585,xingcheng-tool-calling-competence,星澄模型與主系統整合條例,流程/程序,business,UNIT_ENGINE,permission,"delegate to owning unit domain (successor, retain reference only)"
A586,ollama-on-demand-activation,星澄模型與主系統整合條例,時限/預算,mixed,UNIT_ENGINE,permission,"delegate business content, retain governance shell"
A587,main-system-on-demand-modules,星澄模型與主系統整合條例,時限/預算,mixed,UNIT_ENGINE,permission,"delegate business content, retain governance shell"
A588,project-single-purpose-modules,星澄模型與主系統整合條例,時限/預算,mixed,UNIT_ENGINE,,"delegate business content, retain governance shell"
A589,project-blockchain-style-module-records,星澄模型與主系統整合條例,時限/預算,mixed,UNIT_ENGINE,decision,"delegate business content, retain governance shell"
A590,main-system-multi-core-parallelism,星澄模型與主系統整合條例,時限/預算,mixed,UNIT_ENGINE,automation;decision;permission;system-runtime,"delegate business content, retain governance shell"
A591,sovereigns-become-core-engines,星澄模型與主系統整合條例,資料/SQL,mixed,UNIT_ENGINE,automation;decision;permission;system-runtime,"delegate business content, retain governance shell"
A592,sub-sovereign-elimination-full-modularization,星澄模型與主系統整合條例,時限/預算,mixed,UNIT_ENGINE,decision;permission;sub-sovereign,"delegate business content, retain governance shell"
A593,resource-governance-throttle-protection,amendment-and-protection,時限/預算,mixed,codex-retained,permission,"delegate business content, retain governance shell"
A594,unit-system-architecture-hierarchy,amendment-and-protection,工程實作要求,business,codex-retained,,"delegate to owning unit domain (successor, retain reference only)"
A595,core-deployment-topology,amendment-and-protection,時限/預算,mixed,codex-retained,automation;decision;permission,"delegate business content, retain governance shell"
A596,on-demand-isolation-authority,amendment-and-protection,安全與稽核,mixed,codex-retained,decision,"delegate business content, retain governance shell"
A597,DAG／CAG／RAG 機器契約與驗證登錄條例,privacy-personal-data-special-law,模型/推論,mixed,UNIT_DATA,,"delegate business content, retain governance shell"
A598,星澄自主訓練權限、資源與政策權屬條例,星澄模型與主系統整合條例,時限/預算,mixed,UNIT_ENGINE,,"delegate business content, retain governance shell"
A599,模組按需啟動、休眠與喚醒權限條例,amendment-and-protection,時限/預算,mixed,codex-retained,,"delegate business content, retain governance shell"
A6,permission,permission,治理/權責,governance,codex-retained,permission;permission-sovereign,retain in codex (governance/boundary)
A600,自動清理、刪除權限與世代保留條例,amendment-and-protection,時限/預算,mixed,codex-retained,,"delegate business content, retain governance shell"
A601,共同禁止條款引用條例,amendment-and-protection,資料/SQL,mixed,codex-retained,decision;permission,"delegate business content, retain governance shell"
A602,治理與業務規則下放 successor,separation-and-accountability,時限/預算,mixed,codex-retained,,"delegate business content, retain governance shell"
A603,Git 規範單一控制條引用收斂,amendment-and-protection,安全與稽核,mixed,codex-retained,,"delegate business content, retain governance shell"
A604,治理核心、星澄身分與模組權責收斂條例,星澄模型與主系統整合條例,模型/推論,mixed,UNIT_ENGINE,active-sub-sovereign;automation;automation-sovereign;decision;permission;sub-sovereign;synchronization-sovereign,"delegate business content, retain governance shell"
A605,高效率 Runtime 規則索引條例,amendment-and-protection,時限/預算,mixed,codex-retained,permission,"delegate business content, retain governance shell"
A606,法典規範面收斂與模組規則下放條例,separation-and-accountability,資料/SQL,mixed,codex-retained,,"delegate business content, retain governance shell"
A607,模組規則集中索引與權限核心管理條例,amendment-and-protection,資料/SQL,mixed,codex-retained,permission;permission-sovereign,"delegate business content, retain governance shell"
A608,法典五類規範分類條例,amendment-and-protection,資料/SQL,mixed,codex-retained,,"delegate business content, retain governance shell"
A609,法典唯一控制命題與跨層重述收斂條例,amendment-and-protection,資料/SQL,mixed,codex-retained,,"delegate business content, retain governance shell"
A65,cross-layer-information-layer,system-responsibility,資料/SQL,mixed,UNIT_RUNTIME,decision;equal-to-sovereign;information-layer-own-sovereign;sovereign-or-sub-sovereign,"delegate business content, retain governance shell"
A66,module-execution-layer,system-responsibility,模型/推論,mixed,UNIT_RUNTIME,,"delegate business content, retain governance shell"
A68,module-fine-grained-decomposition,system-responsibility,資料/SQL,mixed,UNIT_RUNTIME,,"delegate business content, retain governance shell"
A69,execution-layer-internal-tiering,system-responsibility,安全與稽核,mixed,UNIT_RUNTIME,sub-sovereign,"delegate business content, retain governance shell"
A7,permission-directory,permission,資料/SQL,business,UNIT_PERMISSION,permission,"delegate to owning unit domain (successor, retain reference only)"
A74,single-codex-citation-entry,general-provisions,資料/SQL,mixed,codex-retained,,"delegate business content, retain governance shell"
A75,postgresql-cannot-change-codex,system-responsibility,資料/SQL,mixed,UNIT_RUNTIME,,"delegate business content, retain governance shell"
A77,absolute-codex-immutability,amendment-and-protection,資料/SQL,mixed,codex-retained,,"delegate business content, retain governance shell"
A78,codex-authenticity-without-decider,general-provisions,資料/SQL,mixed,codex-retained,,"delegate business content, retain governance shell"
A79,codex-modification-history,amendment-and-protection,資料/SQL,mixed,codex-retained,,"delegate business content, retain governance shell"
A8,system-responsibility,system-responsibility,模型/推論,mixed,UNIT_RUNTIME,,"delegate business content, retain governance shell"
A80,complete-codex-traceability,amendment-and-protection,治理/權責,governance,codex-retained,,retain in codex (governance/boundary)
A82,codex-always-read-only,amendment-and-protection,資料/SQL,mixed,codex-retained,,"delegate business content, retain governance shell"
A83,codex-highest-authority,general-provisions,安全與稽核,mixed,codex-retained,,"delegate business content, retain governance shell"
A85,per-provision-codex-identity,general-provisions,治理/權責,governance,codex-retained,,retain in codex (governance/boundary)
A86,new-provision-identity-and-effective-time,amendment-and-protection,安全與稽核,mixed,codex-retained,,"delegate business content, retain governance shell"
A87,provision-update-recertification,amendment-and-protection,安全與稽核,mixed,codex-retained,,"delegate business content, retain governance shell"
A88,atomic-provision-supersession,amendment-and-protection,安全與稽核,mixed,codex-retained,,"delegate business content, retain governance shell"
A89,sovereign-decision-codex-basis,general-provisions,治理/權責,governance,codex-retained,decision,retain in codex (governance/boundary)
A91,sovereign-only-codex-use,general-provisions,資料/SQL,mixed,codex-retained,registered-sovereign;sub-sovereign,"delegate business content, retain governance shell"
A94,codex-without-codex-view,amendment-and-protection,安全與稽核,governance,codex-retained,,retain in codex (governance/boundary)
A95,highest-authority-application-boundary,amendment-and-protection,治理/權責,governance,codex-retained,,retain in codex (governance/boundary)
A96,codex-reference-normalization,amendment-and-protection,安全與稽核,mixed,codex-retained,decision;eligible-sovereign;sub-sovereign,"delegate business content, retain governance shell"
A98,single-channel-authentication,amendment-and-protection,安全與稽核,mixed,codex-retained,allowlisted-sovereign,"delegate business content, retain governance shell"
A99,codex-corruption-recovery,amendment-and-protection,資料/SQL,mixed,codex-retained,,"delegate business content, retain governance shell"
